user_name,user_location,user_description,user_created,user_followers,user_friends,user_favourites,user_verified,date,text,hashtags,source,is_retweet
TeslaCamera,,"Gathering point for Tesla enthusiasts! Share your own Tesla videos and join our community. ğŸš€âš¡ï¸ğŸš˜

#model3 #modely #models #modelx #cybertruck #Tesla #fsd",,51907,90,14439,False,Sat May 03 12:56:29 +0000 2025,"Tesla Cybertruck Vandalized  What do you think?

Please share to make this stupid woman famous! $TSLA
https://t.co/8NbIQ70yAp",[],"<a href=""http://twitter.com/download/android"" rel=""nofollow"">Twitter for Android</a>",False
TeslaCamera,,"Gathering point for Tesla enthusiasts! Share your own Tesla videos and join our community. ğŸš€âš¡ï¸ğŸš˜

#model3 #modely #models #modelx #cybertruck #Tesla #fsd",,51907,90,14439,False,Sat May 03 23:24:25 +0000 2025,"Put this clown on blast! You don't f*ck with other people's Teslas! ğŸ¤¡ $TSLA
https://t.co/t0WwJNfTVl",[],"<a href=""http://twitter.com/download/android"" rel=""nofollow"">Twitter for Android</a>",False
EvasTeslaSPlaid,"Merritt Island, FL","Residential Real Estate in FL, Waterfront & Beachside Specialist. First Tesla S Plaid owner in FL, Tesla Shareholder. #FSDBeta tester. Fluent in 6 languages.",,124444,16082,244420,False,Fri May 02 03:10:20 +0000 2025,Elon Musk and President Trump are hated for exposing the truth and for letting truth to be told. https://t.co/7O01x8GxU5,[],"<a href=""http://twitter.com/download/iphone"" rel=""nofollow"">Twitter for iPhone</a>",False
ElonMuskAOC,Mars,Iâ€™m on a quest to bang AOC on Mars. (Parody Account),,1697138,711,70207,False,Sun Apr 27 19:00:00 +0000 2025,"Would you buy a cheap Tesla phone?

Better than Apple and comes with free Starlink!

Yes or No? https://t.co/LXPOLJqs2K",[],"<a href=""https://mobile.twitter.com"" rel=""nofollow"">Twitter Web App</a>",False
TheKevinDalton,"Eagle, ID",I tried fixing the system by working with the system. Now I'm doing it my way.,,86273,3138,18525,False,Fri May 02 00:16:28 +0000 2025,Every unhinged leftist vandalizing Teslas are absolute cowards with zero conviction or ability to defend their actions. https://t.co/VVTi95O4ai,[],"<a href=""http://twitter.com/download/iphone"" rel=""nofollow"">Twitter for iPhone</a>",False
MarcoFoster_,"Brooklyn, NY","Covering the stories you might have missed. Lifelong Democrat, damn proud of it. @joesantarlasci's son ğŸ’™",,9996,760,119001,False,Sat May 03 21:51:33 +0000 2025,"HAPPENING NOW: Protesters brought out an inflatable saluting Elon Musk for a Tesla Takedown protest today in Boston, MA https://t.co/kTVYADyMHo",[],"<a href=""http://twitter.com/download/iphone"" rel=""nofollow"">Twitter for iPhone</a>",False
EvasTeslaSPlaid,"Merritt Island, FL","Residential Real Estate in FL, Waterfront & Beachside Specialist. First Tesla S Plaid owner in FL, Tesla Shareholder. #FSDBeta tester. Fluent in 6 languages.",,124444,16082,244420,False,Sat May 03 11:02:12 +0000 2025,During the last few years Elon Musk and Giorgia Meloni became good friends. ğŸ’• https://t.co/z0aijq0yia,[],"<a href=""http://twitter.com/download/iphone"" rel=""nofollow"">Twitter for iPhone</a>",False
NotaRINO2025,"Los Angeles, CA",Not a RINO. Veteran. Political activist. Writer. Will troll occasionally.,,22396,14644,128167,False,Thu May 01 02:25:40 +0000 2025,@RpsAgainstTrump Elon is doing to Tesla what Trump is doing to the US. https://t.co/KHeX7jLl3D,[],"<a href=""http://twitter.com/download/iphone"" rel=""nofollow"">Twitter for iPhone</a>",False
TeslaCamera,,"Gathering point for Tesla enthusiasts! Share your own Tesla videos and join our community. ğŸš€âš¡ï¸ğŸš˜

#model3 #modely #models #modelx #cybertruck #Tesla #fsd",,51907,90,14439,False,Fri May 02 17:31:47 +0000 2025,"Tesla Model Y Vandalized  What do you think?

Please share to make this stupid man famous!ğŸ˜¤ $TSLA https://t.co/qKSkdNb3oH",[],"<a href=""http://twitter.com/download/android"" rel=""nofollow"">Twitter for Android</a>",False
na_option,,All-In Tesla InvestorğŸ¦¾ Enjoy sharing my thoughts on $TSLAğŸ”‹ Being in the gymğŸ‹ğŸ½ Raising 3 childrenğŸ¡ Place to think aloud ğŸ’­ NFA,,1739,398,7350,False,Sat May 03 14:32:49 +0000 2025,"Watch out @Tesla, the competition is coming.. $tsla 
https://t.co/4JtlyVKQZ5",[],"<a href=""http://twitter.com/download/iphone"" rel=""nofollow"">Twitter for iPhone</a>",False
MyViewFNC,,Airs Saturdays at 9p ET on Fox News Channel,,4403,2,19,False,Fri May 02 19:46:21 +0000 2025,Strap in! Lara sits down with @elonmusk &amp; takes you inside @Tesla's headquarters for an exclusive tour!  Tune in tomorrow night @ 9PM for a MAJOR episode of â€˜My View!â€™ https://t.co/1cVNkPyuRP,[],"<a href=""https://mobile.twitter.com"" rel=""nofollow"">Twitter Web App</a>",False
TeslaKing420,"North Carolina, USA",Tesla Owner | Tesla Fan | Tesla Investor,,11477,1219,15968,False,Sat May 03 19:22:51 +0000 2025,People arenâ€™t ready for whatâ€™s coming. ğŸ˜‚ğŸ˜²ğŸ¤¯ğŸ˜³ https://t.co/vfCqghTAd8,[],"<a href=""http://twitter.com/download/iphone"" rel=""nofollow"">Twitter for iPhone</a>",False
Suzierizzo1,United States,Iâ€™m a small town beach girl that loves politics & fostering animals! #BLM #Resister #Equality #VotingRights #VoteBlue #LGBTQ  ğŸ’™ No DMâ€™s ğŸŒŠ,,60554,21446,185258,False,Fri May 02 20:55:40 +0000 2025,Canada has removed all the rebates for Teslas now and Elon wasnâ€™t  happy about it and when asked why Canada answered and wait till you hear why! ğŸ˜‚ğŸ˜‚ğŸ˜‚ğŸ˜‚ğŸ˜‚ https://t.co/ouYw4V9qu5,[],"<a href=""http://twitter.com/download/iphone"" rel=""nofollow"">Twitter for iPhone</a>",False
fcknliisa,,itâ€™s unfortunate that people can change something that wasâ€¦ pure innocent fun intoâ€¦ DRAMA!,,3018,574,19489,False,Wed Apr 30 04:12:36 +0000 2025,"â€œboba teaâ€¦ gnarly
teslaâ€¦ gnarly
fried chickenâ€¦ gnarlyâ€ https://t.co/OM6cI9dYhE",[],"<a href=""http://twitter.com/download/iphone"" rel=""nofollow"">Twitter for iPhone</a>",False
ElonMuskOde,United States,Not the CEO of Tesla Motors. Not the CTO of SpaceX. Tap the (ğŸ”” - notify) for daily quizzes and updates . No affiliation. (Parody),,200037,1722,1040,False,Fri May 02 18:10:15 +0000 2025,"Do you stand with Elon Musk and Tesla? 

YES or NO?

If YES, Give me a Thumbs-UpğŸ‘ https://t.co/bIOl69QClZ",[],"<a href=""http://twitter.com/download/android"" rel=""nofollow"">Twitter for Android</a>",False
GuntherEagleman,CA to Texas in 2007,David J. Freeman - Political Commentator - America First - MAGA - Trump Supporter - Unfiltered,,1411038,102368,978185,False,Sat May 03 22:21:38 +0000 2025,Got him!  Make this clown famous!  No one fcks with my Tesla S plaid. ğŸ¤£ https://t.co/TLk0BeJlj7,[],"<a href=""http://twitter.com/download/iphone"" rel=""nofollow"">Twitter for iPhone</a>",False
TeslaCamera,,"Gathering point for Tesla enthusiasts! Share your own Tesla videos and join our community. ğŸš€âš¡ï¸ğŸš˜

#model3 #modely #models #modelx #cybertruck #Tesla #fsd",,51907,90,14439,False,Thu May 01 22:15:23 +0000 2025,"Tesla Cybertruck owner confronts man for putting a hate sticker on his truck.

That stupid guy better not try anything like that again! $TSLA
https://t.co/RBNtHgdCdI",[],"<a href=""http://twitter.com/download/android"" rel=""nofollow"">Twitter for Android</a>",False
teslacarsonly,ğ•,Photos and videos for Tesla cars. DM for credit and taking content down. Disclosure: Not affiliated with @Tesla.,,69590,30,59498,False,Wed Apr 30 23:39:07 +0000 2025,Reflective Cybertruck. https://t.co/yA4SF4N3TG,[],"<a href=""https://mobile.twitter.com"" rel=""nofollow"">Twitter Web App</a>",False
unlimited_ls,,"Source For Political News, Crimes And Social InjusticeğŸ‡ºğŸ‡¸ - I Bring You The News, For The ViewsğŸ«¡",,158418,4428,47470,False,Sun May 04 00:45:16 +0000 2025,"I canâ€™t believe Iâ€™m saying this, but I just bought my dream car. Tesla Model 3.

Two years ago, I decided start posting on X. Six months in, I quit my job to focus entirely on this platform. It wasnâ€™t easy, but every late night, every post, and every moment was worth it.

Today, Iâ€™m living proof that when you commit to your vision, big things happen.

This car isnâ€™t just a dream come true, itâ€™s a reminder of how far Iâ€™ve come and whatâ€™s possible when you believe in yourself.

To everyone whoâ€™s been part of this journey, thank you. The best is yet to come!

Thank you; @X @elonmusk â¤ï¸",[],"<a href=""http://twitter.com/download/iphone"" rel=""nofollow"">Twitter for iPhone</a>",False
TeslaSynopsis,ğŸ¡Vancouver Real Estate Agent,"Elon, Tesla, SpaceX",,56100,1717,199531,False,Sun Apr 27 22:33:39 +0000 2025,"Wow, northern lights in Norway while on snow.  https://t.co/4mmMGXjznw",[],"<a href=""http://twitter.com/download/iphone"" rel=""nofollow"">Twitter for iPhone</a>",False
ElonMuskNews47,"Texas, USA",Tap the ( ğŸ””- notify) for daily Elon Musk news and updates. No affiliation. (Commentary). Fan-page | News |,,13784,376,6,False,Thu May 01 20:56:02 +0000 2025,"ğŸš¨BREAKING: Would you accept this Tesla as a gift?

A. YES
B. NO

Give me a Thumbs-Up ğŸ‘if you accept https://t.co/E5VP3llfJR",[],"<a href=""http://twitter.com/download/android"" rel=""nofollow"">Twitter for Android</a>",False
teslacarsonly,ğ•,Photos and videos for Tesla cars. DM for credit and taking content down. Disclosure: Not affiliated with @Tesla.,,69590,30,59498,False,Fri May 02 11:18:57 +0000 2025,Do you like Tesla Silver? https://t.co/6mjPTmhBs5,[],"<a href=""http://twitter.com/download/android"" rel=""nofollow"">Twitter for Android</a>",False
iam_smx,,"Innovation, Technology, Rockets & Tesla ignite my passion. Host of The Story Book. Sharing updates & info 24/7. Breaking World News! Motivation & Fun guaranteed",,101611,567,52442,False,Thu May 01 13:54:28 +0000 2025,"When the WSJ clowns expected Elon Musk to step down as Tesla CEO after their dumb article.

Elon's response?: ""I am not f*ckin leaving, the show goes on!"" https://t.co/kNd758JH9N",[],"<a href=""http://twitter.com/download/android"" rel=""nofollow"">Twitter for Android</a>",False
ElonMuskNews47,"Texas, USA",Tap the ( ğŸ””- notify) for daily Elon Musk news and updates. No affiliation. (Commentary). Fan-page | News |,,13784,376,6,False,Fri May 02 23:01:26 +0000 2025,"ğŸš¨BREAKING: A man named Cooper Frederick may serve up to 20 years for firebombing a Tesla showroom in Colorado.

Do you support this?

YES or NO? https://t.co/1sF4jpibTt",[],"<a href=""http://twitter.com/download/android"" rel=""nofollow"">Twitter for Android</a>",False
RealDanODowd,"Santa Barbara, CA, USA",Green Hills Software CEO and Founder of The Dawn Project. I am running a campaign to make computers safe for humanity and ban Tesla Full Self-Driving.,,32265,1839,2093,False,Sat May 03 01:29:17 +0000 2025,"8 years ago, @ElonMusk said that a self-driving Tesla would drive from LA to NYC autonomously by the end of the year. 

Tesla still don't operate autonomously on public roads anywhere in the world.

Don't believe a word this guy says. https://t.co/8kdfZ0q7mS",[],"<a href=""https://mobile.twitter.com"" rel=""nofollow"">Twitter Web App</a>",False
X22Report,,"X22 Report is a daily show that covers the economy, political and geopolitical issues. Join me and many others to fight for what is rightfully ours.",,465844,26,285,False,Thu May 01 00:05:30 +0000 2025,"A judge released a suspected Tesla firebomber, citing an ADHD diagnosis and restricted access to ""gender-affirming care"" in detention.

I didnâ€™t realize a doctorâ€™s note could shield me from justice.

Hold Jessica Hedges accountable. https://t.co/r1UtwIU4ZO",[],"<a href=""https://mobile.twitter.com"" rel=""nofollow"">Twitter Web App</a>",False
DrunkRepub,,Keeping conservatism alive with a little help from the grape and the grain. â€œThe most influential political writer of the 21st Century.â€ - me,,36483,7827,381223,False,Sat May 03 12:59:57 +0000 2025,Every Subaru driver when you park beside them in your Tesla https://t.co/0DoNZQ1Tze,[],"<a href=""http://twitter.com/download/iphone"" rel=""nofollow"">Twitter for iPhone</a>",False
BrandonStraka,,SUBSCRIBE: https://t.co/ZZQJG0P903 @RealWalkAway Founder | Former Liberal. MEDIA: booking@brandonstraka.com |,,966613,1777,82349,False,Sun May 04 00:20:45 +0000 2025,"Charged Tesla bomber Owen McIntire was released from prison to walk freeâ€”because federal Judge Jessica Hedges says heâ€™s trans and needs â€œgender care.â€

This is what happens when the radical left runs the justice system. You can bomb your political opponentsâ€™ places of business- and if you identity as the opposite gender you get to go home. 

Trump supporters who committed no violence were held for over 4 years. 

If he wore a MAGA hat, heâ€™d be in solitary.",[],"<a href=""http://twitter.com/download/iphone"" rel=""nofollow"">Twitter for iPhone</a>",False
unlimited_ls,,"Source For Political News, Crimes And Social InjusticeğŸ‡ºğŸ‡¸ - I Bring You The News, For The ViewsğŸ«¡",,158418,4428,47470,False,Wed Apr 30 11:15:45 +0000 2025,"Neil Young attacks Elon Musk: â€œIf youâ€™re a fascist, get a Tesla - Itâ€™s electric, it doesnâ€™t matter. If youâ€™re a Democrat, taste your freedom - get whatever you want, taste your freedom.â€ https://t.co/Gva6vtb1BK",[],"<a href=""http://twitter.com/download/iphone"" rel=""nofollow"">Twitter for iPhone</a>",False
TeslaCamera,,"Gathering point for Tesla enthusiasts! Share your own Tesla videos and join our community. ğŸš€âš¡ï¸ğŸš˜

#model3 #modely #models #modelx #cybertruck #Tesla #fsd",,51907,90,14439,False,Thu May 01 13:00:00 +0000 2025,"Tesla Cybertruck Vandalized  What do you think?

Please share to make this stupid man/womanğŸ¤·ğŸ»â€â™‚ï¸ famous! $TSLA https://t.co/NBRY3NqqnR",[],"<a href=""http://twitter.com/download/android"" rel=""nofollow"">Twitter for Android</a>",False
TheDaddyTwins,USA y Central AMERICA,Father | Investor | Ex US Army Badass. Owner JBernhard Designs USA/Nicaragua SA,,31090,6924,14681,False,Thu May 01 01:26:45 +0000 2025,"Tesla firebombing suspect Owen McIntire who was arrested in Kansas has just been released. Nobodyâ€™s above the law right? How is this possible? What about Ryan Samsel, the J6â€™r. He was locked in a mop closet for 5 months. https://t.co/IbqezxdI2i",[],"<a href=""http://twitter.com/download/iphone"" rel=""nofollow"">Twitter for iPhone</a>",False
TeslaCamera,,"Gathering point for Tesla enthusiasts! Share your own Tesla videos and join our community. ğŸš€âš¡ï¸ğŸš˜

#model3 #modely #models #modelx #cybertruck #Tesla #fsd",,51907,90,14439,False,Sat May 03 15:39:38 +0000 2025,"Tesla Model Y Vandalized  What do you think? Keying

Please share to make this stupid man famous! ğŸ˜¤ $TSLA https://t.co/6UlbnTEXYy",[],"<a href=""http://twitter.com/download/android"" rel=""nofollow"">Twitter for Android</a>",False
teslaownersSV,Silicon Valley,The most notorious Tesla Club in the world. Creator of @thextakeover and taking the Takeover global. We amplify sustainability and philanthropy.,,1178000,667,168128,False,Fri May 02 22:44:15 +0000 2025,"""I'm a technologist. I build rockets and cars. I derive joy from seeing people enjoy the products that my companies make.""

Elon Musk
 https://t.co/NbCVSaQbPe",[],"<a href=""http://twitter.com/download/iphone"" rel=""nofollow"">Twitter for iPhone</a>",False
mayemusk,NYC,Bestselling International Author of A Woman Makes A Plan ğŸ“– Doctor of Dietetics ğŸ‘©â€ğŸ“ Supermodel ğŸ˜‰ğŸ’ƒ #ItsGreatToBe76 Manager: anna@mayemusk.com,,1443528,170,186272,False,Sat May 03 11:51:06 +0000 2025,"Happy to see many Teslas in Dubai, including taxis ğŸ˜ğŸ˜ğŸ˜ğŸ˜ https://t.co/yGqttG79YI",[],"<a href=""http://twitter.com/#!/download/ipad"" rel=""nofollow"">Twitter for iPad</a>",False
AmericaPapaBear,,Just a typical American Dad. AMERICA FIRST! Pro 1A/2A HAPPILY MARRIED!,,282073,21065,45598,False,Tue Apr 29 17:06:35 +0000 2025,"Another insane liberal keying a Tesla.

How do they not realize by now that they are being recorded?

@elonmusk 

https://t.co/Dbz9JoXYx1",[],"<a href=""https://mobile.twitter.com"" rel=""nofollow"">Twitter Web App</a>",False
niccruzpatane,,Deep dive into everything Tesla,,51373,160,20160,False,Thu May 01 20:42:47 +0000 2025,"Tesla Cybertruck owner confronts man after catching him putting a hate sticker on his truck.

Massive credit to the owner of the Cybertruck for the way he handled the situation. https://t.co/i8QQJPjd5G",[],"<a href=""http://twitter.com/download/iphone"" rel=""nofollow"">Twitter for iPhone</a>",False
WholeMarsBlog,San Francisco + Los Angeles,"Covering tech, markets, AI, new energy, and autonomous electric vehicles 24/7",,624538,27367,665550,False,Wed Apr 30 08:10:48 +0000 2025,"Tesla FSD reverses into a parking spot after arriving at the destination.

With the push of a button, it continues on to its next trip. https://t.co/MKw7D9MXo3",[],"<a href=""https://studio.twitter.com"" rel=""nofollow"">Twitter Media Studio</a>",False
elonmuskTN,,commentary account of @elonmusk not affiliated with @elonmusk (Parody),,171099,3283,224163,False,Sun May 04 01:03:40 +0000 2025,"ğŸš¨BREAKING: If you want one of my Tesla phones?

Give me a Thumbs-Up ğŸ‘ğŸ¼, or say yes and Let me know https://t.co/W4x49oZD7K",[],"<a href=""http://twitter.com/download/android"" rel=""nofollow"">Twitter for Android</a>",False
fishcatut,"Katy, TX","diamond jewelry manufacturer and wholesaler, Tesla fan boy",,360,520,2119,False,Fri May 02 01:31:08 +0000 2025,"I upgraded my wife model Y and loved it so much 2 weeks later upgraded mine 2 ğŸ˜
$tsla
@tesla
Thanks @elonmusk and the Tesla team for best car ever https://t.co/YZ6zaMfD6r",[],"<a href=""http://twitter.com/download/iphone"" rel=""nofollow"">Twitter for iPhone</a>",False
JoshWest247,"Austin, TX",ğŸš€exAutomotive Sales Mercenary - Manager - Mentor | ğŸ“ˆMulti-Year Top Volume & Gross Nationwide ğŸ‡¨ğŸ‡¦ | 1st Ever 1000+ HP Car Driven Across Canada,,6770,1467,250879,False,Sat May 03 20:35:12 +0000 2025,This beautiful new Tesla facility is built to accommodate Cybercab serviceâ€¦ ğŸ¤« https://t.co/yqs3hYORmm,[],"<a href=""http://twitter.com/download/iphone"" rel=""nofollow"">Twitter for iPhone</a>",False
ElonMuskNews47,"Texas, USA",Tap the ( ğŸ””- notify) for daily Elon Musk news and updates. No affiliation. (Commentary). Fan-page | News |,,13782,376,6,False,Thu May 01 15:34:08 +0000 2025,"ğŸš¨BREAKING: If you want one of my Tesla phones?

Give me a Thumbs-UpğŸ‘ , or say yes and Let me know https://t.co/FAqPTzKWDw",[],"<a href=""http://twitter.com/download/android"" rel=""nofollow"">Twitter for Android</a>",False
TeslaAIBot,THE VOID,My name is Optimus â€¢ parody â€¢ All subscribers will get a follow from me ğŸ˜ˆ,,114382,378,135437,False,Fri May 02 16:18:00 +0000 2025,"Good morning Humans ğŸ¤£

Iâ€™ve been dancing a lot recently ğŸ‘€ https://t.co/rPCY8Fngw3",[],"<a href=""http://twitter.com/download/iphone"" rel=""nofollow"">Twitter for iPhone</a>",False
elonmuskphotosX,,Elon Musk PhotosğŸ“¸â€¢MAGA NewsğŸ‡ºğŸ‡¸ Fan Account,,44456,2405,196,False,Thu May 01 11:59:25 +0000 2025,"Time to get loud for Elon Musk and Tesla
 
Drop a â€œâ¤ï¸â€ in the comments if you FULLY support Elon Musk and Tesla for what they do for America https://t.co/4nxtOUAhyT",[],"<a href=""https://mobile.twitter.com"" rel=""nofollow"">Twitter Web App</a>",False
Titx1300,"Tampa, FL",America ONLY! ğŸ‡ºğŸ‡¸ | Welcome to the Golden Age | MAGA | Political Commentator | Politically Incorrect | Father & FiancÃ©.,,24171,15804,82622,False,Sat May 03 22:28:49 +0000 2025,I need your help to identify this man!!! He was about to vandalize @GuntherEagleman new Tesla. ğŸ¤£ğŸ¤£ maybe the homicide detective can help! @Hunter_Eagleman https://t.co/JLdN3XtZCX,[],"<a href=""http://twitter.com/download/iphone"" rel=""nofollow"">Twitter for iPhone</a>",False
iam_smx,,"Innovation, Technology, Rockets & Tesla ignite my passion. Host of The Story Book. Sharing updates & info 24/7. Breaking World News! Motivation & Fun guaranteed",,101611,567,52442,False,Sat May 03 17:55:05 +0000 2025,Elon Musk and Tesla Wings. ğŸ˜ https://t.co/cUvp71XFsU,[],"<a href=""http://twitter.com/download/android"" rel=""nofollow"">Twitter for Android</a>",False
ElonMuskOde,United States,Not the CEO of Tesla Motors. Not the CTO of SpaceX. Tap the (ğŸ”” - notify) for daily quizzes and updates . No affiliation. (Parody),,200017,1722,1040,False,Fri May 02 22:09:59 +0000 2025,"Time to get loud for Elon Musk and Tesla
 
Drop a â€œâ¤ï¸â€ in the comments if you FULLY support Elon Musk and Tesla for what they do for America https://t.co/jCVYZO7ntb",[],"<a href=""http://twitter.com/download/android"" rel=""nofollow"">Twitter for Android</a>",False
teslaownersSV,Silicon Valley,The most notorious Tesla Club in the world. Creator of @thextakeover and taking the Takeover global. We amplify sustainability and philanthropy.,,1177981,667,168128,False,Sat May 03 08:32:47 +0000 2025,"BREAKING: ğ• is now the #1 news app in Brazil. ğŸ‡§ğŸ‡·

Leading in both Free and Top Grossing categories.
App Store charts donâ€™t lie. ğŸ¥‡

X is taking over â€” globally.
 https://t.co/yJMX7hDytO",[],"<a href=""http://twitter.com/download/iphone"" rel=""nofollow"">Twitter for iPhone</a>",False
teslaownersSV,Silicon Valley,The most notorious Tesla Club in the world. Creator of @thextakeover and taking the Takeover global. We amplify sustainability and philanthropy.,,1177981,667,168128,False,Sun May 04 01:16:10 +0000 2025,"Starbase, Texas

Is now a real city! https://t.co/aW9S87Ycbd",[],"<a href=""http://twitter.com/download/iphone"" rel=""nofollow"">Twitter for iPhone</a>",False
RickyDoggin,,"Patriot - Fighting Back Against Liberal Insanity One Meme At A Time - Please, NO TRAINS or DM's - Views expressed here are MY Opinions and nothing more",,483007,32902,102821,False,Sun May 04 01:18:28 +0000 2025,The special connection Trump has with Elon Musk goes back to the original Tesla and Trump's uncle https://t.co/qM3ZTf0WYM,[],"<a href=""https://mobile.twitter.com"" rel=""nofollow"">Twitter Web App</a>",False
TeslaCamera,,"Gathering point for Tesla enthusiasts! Share your own Tesla videos and join our community. ğŸš€âš¡ï¸ğŸš˜

#model3 #modely #models #modelx #cybertruck #Tesla #fsd",,51975,90,14439,False,Wed Apr 30 20:43:17 +0000 2025,You can watch this video in your free time; it might steal your time. Tesla ğŸ¤¯ $TSLA https://t.co/9fUc6dgrRh,[],"<a href=""http://twitter.com/download/android"" rel=""nofollow"">Twitter for Android</a>",False
TeslaKing420,"North Carolina, USA",Tesla Owner | Tesla Fan | Tesla Investor,,11479,1219,15971,False,Sat May 03 10:04:04 +0000 2025,Some will say this is not real.  https://t.co/tmTO9hdOYo,[],"<a href=""http://twitter.com/download/iphone"" rel=""nofollow"">Twitter for iPhone</a>",False
TeslaSynopsis,ğŸ¡Vancouver Real Estate Agent,"Elon, Tesla, SpaceX",,56099,1719,199531,False,Fri May 02 18:05:25 +0000 2025,Elon talking to Neuralink patient the day before his successful implant https://t.co/FAjgxLVhMM,[],"<a href=""https://mobile.twitter.com"" rel=""nofollow"">Twitter Web App</a>",False
TeslaCamera,,"Gathering point for Tesla enthusiasts! Share your own Tesla videos and join our community. ğŸš€âš¡ï¸ğŸš˜

#model3 #modely #models #modelx #cybertruck #Tesla #fsd",,51975,90,14439,False,Sat May 03 18:39:21 +0000 2025,"A woman on a motorcycle crashed into a parked Tesla. Yes, the car was completely stopped. Yet, she still hit it. 

What kind of driving skills is this? It's beyond comprehension.ğŸ¤¯ $TSLA https://t.co/HPhPbZcF9s",[],"<a href=""http://twitter.com/download/android"" rel=""nofollow"">Twitter for Android</a>",False
iliketeslas,"Miami, FL",I hate all EVs except Teslaâš¡ï¸,,16439,227,149591,False,Sat May 03 03:10:40 +0000 2025,Nobody is going to pay 50$ for an uber ride if Tesla charges 20$ in a robotaxi for the same ride. Uber will literal be dead everywhere Tesla starts service https://t.co/UEesneq30y,[],"<a href=""http://twitter.com/download/iphone"" rel=""nofollow"">Twitter for iPhone</a>",False
teslanatrix,"Hamburg, Deutschland","mostly harmless ğŸŒ

Tesla referral code: https://t.co/PBjEzkTKx9",,4464,1865,138137,False,Fri May 02 16:51:46 +0000 2025,Too much politics in my timeline. Here are some beautiful pics of my Tesla instead â¤ï¸ğŸŒ·ğŸŒ https://t.co/PcgaKVQ590,[],"<a href=""http://twitter.com/download/android"" rel=""nofollow"">Twitter for Android</a>",False
teslacarsonly,ğ•,Photos and videos for Tesla cars. DM for credit and taking content down. Disclosure: Not affiliated with @Tesla.,,69581,30,59498,False,Sat May 03 03:31:41 +0000 2025,Tesla Semi with Cybertruck Art. https://t.co/2Oj0VEJlG7,[],"<a href=""http://twitter.com/download/android"" rel=""nofollow"">Twitter for Android</a>",False
teslaownersSV,Silicon Valley,The most notorious Tesla Club in the world. Creator of @thextakeover and taking the Takeover global. We amplify sustainability and philanthropy.,,1177981,667,168128,False,Sun May 04 00:58:14 +0000 2025,"BREAKING: Starbase, Texas has officially been voted in favor of incorporation as its own city

Starbase is the Gateway to Mars.  https://t.co/YivXtTsMq9",[],"<a href=""http://twitter.com/download/iphone"" rel=""nofollow"">Twitter for iPhone</a>",False
Teslarati,California,"Tesla, SpaceX, Elon Musk, and #FutureTech Go behind the scenes @TeslaratiTeam",,897573,133,6878,False,Fri May 02 12:47:12 +0000 2025,"Palate cleanser after all the Tesla vandalism incidents in recent months.

There's still a lot of Tesla love out there. 

https://t.co/Z46GVZBgHQ",[],"<a href=""https://mobile.twitter.com"" rel=""nofollow"">Twitter Web App</a>",False
teslaownersSV,Silicon Valley,The most notorious Tesla Club in the world. Creator of @thextakeover and taking the Takeover global. We amplify sustainability and philanthropy.,,1178000,667,168128,False,Sun Apr 27 22:15:02 +0000 2025,Government spending will look like this with Elon Musk and @doge https://t.co/WrgL3oFBcp,[],"<a href=""http://twitter.com/download/iphone"" rel=""nofollow"">Twitter for iPhone</a>",False
EvasTeslaSPlaid,"Merritt Island, FL","Residential Real Estate in FL, Waterfront & Beachside Specialist. First Tesla S Plaid owner in FL, Tesla Shareholder. #FSDBeta tester. Fluent in 6 languages.",,124444,16082,244420,False,Sun Apr 27 16:13:47 +0000 2025,Charging my Plaid. Tesla owners are super nice and cool. Great humans. ğŸ˜ https://t.co/WUPvLCMXmU,[],"<a href=""http://twitter.com/download/iphone"" rel=""nofollow"">Twitter for iPhone</a>",False
ZaidJilani,ğŸ‘,"Subscribe to my newsletter, The American Saga, for news and views aimed at all Americans: https://t.co/gvVWltzNcM.",,148274,4308,83021,False,Sun Apr 27 19:09:37 +0000 2025,"Elon says Tesla Full Self Driving will be fine using only cameras-only, you don't need radar or LiDAR. The problem with that is demonstrated by this recent video posted by one user, the car thought a shadow was a wall and did an emergency pivot. Good thing a car wasn't there. https://t.co/lo5cgp6xNe",[],"<a href=""https://mobile.twitter.com"" rel=""nofollow"">Twitter Web App</a>",False
iAnonPatriot,"Florida, USA",America First â€¢ ğ• Breaking News â€¢ MAGA. ğŸ”¥ğŸ‘€ just a dude with an IPhone âœï¸,,577852,30760,108481,False,Wed Apr 30 21:36:33 +0000 2025,"Liberal man ATTEMPTS to smash a Tesla window and gets arrested immediately afterâ€¦ 

ğŸ’€ğŸ’€ https://t.co/w71KsXISUz",[],"<a href=""http://twitter.com/download/iphone"" rel=""nofollow"">Twitter for iPhone</a>",False
teslaownersSV,Silicon Valley,The most notorious Tesla Club in the world. Creator of @thextakeover and taking the Takeover global. We amplify sustainability and philanthropy.,,1178000,667,168128,False,Thu May 01 18:27:46 +0000 2025,Elon Musk and Trump ğŸ¤£ğŸ¤£ğŸ¤£ https://t.co/Hz35FmmkoC,[],"<a href=""http://twitter.com/download/iphone"" rel=""nofollow"">Twitter for iPhone</a>",False
ElonMuskAOC,Mars,Iâ€™m on a quest to bang AOC on Mars. (Parody Account),,1697138,711,70207,False,Wed Apr 30 18:01:00 +0000 2025,Best Tesla prank I've ever seen ğŸ˜‚ https://t.co/6hJq10fY73,[],"<a href=""https://mobile.twitter.com"" rel=""nofollow"">Twitter Web App</a>",False
YourAnonCentral,Internet,"Actions Not Nouns. All that exists is interaction. #Anonymous #BindingChaos

Follow us on Bluesky https://t.co/WHmDQZjkDZ",,5278507,1194,60539,False,Fri May 02 17:48:56 +0000 2025,Tesla sales plummet 80.7% in Sweden due to Elon Musk being a Nazi piece of shit. https://t.co/DWp1KKWPyf,[],"<a href=""https://mobile.twitter.com"" rel=""nofollow"">Twitter Web App</a>",False
niccruzpatane,,Deep dive into everything Tesla,,51373,160,20160,False,Sat May 03 01:30:30 +0000 2025,Tesla has redesigned their mobile website. Looks great! https://t.co/5KFPN0XCHp,[],"<a href=""http://twitter.com/download/iphone"" rel=""nofollow"">Twitter for iPhone</a>",False
EvasTeslaSPlaid,"Merritt Island, FL","Residential Real Estate in FL, Waterfront & Beachside Specialist. First Tesla S Plaid owner in FL, Tesla Shareholder. #FSDBeta tester. Fluent in 6 languages.",,124444,16082,244420,False,Sat May 03 10:53:12 +0000 2025,This Lamborghini driver must be totally frustrated loosing against a Tesla drivers. https://t.co/gK4uWKur8R,[],"<a href=""http://twitter.com/download/iphone"" rel=""nofollow"">Twitter for iPhone</a>",False
JoeySalads,"Las Vegas, NV",Youtuber.,,203604,131,59975,False,Wed Apr 30 21:31:28 +0000 2025,Tesla Vandalizer gets BLASTED by POO filled Cannon! ğŸ˜‚ https://t.co/RC5dohmCEn,[],"<a href=""http://twitter.com/download/iphone"" rel=""nofollow"">Twitter for iPhone</a>",False
ray4tesla,"Southern California, USA","Tesla owner since 2015. TSLA holder since 2016. This account is about Tesla, EVs & other topics. My Tesla referral link: https://t.co/RrVfZj8heV",,128929,4,82484,False,Sat May 03 21:21:20 +0000 2025,FSD normally wouldnâ€™t squeeze through to turn right in this scenario if the gap werenâ€™t wide enough unless a lead vehicle were present to make the right turn as well. I was surprised it nailed it this time. The process was smooth and natural. No hesitation. https://t.co/nY99KnKSal,[],"<a href=""http://twitter.com/download/iphone"" rel=""nofollow"">Twitter for iPhone</a>",False
teslaownersSV,Silicon Valley,The most notorious Tesla Club in the world. Creator of @thextakeover and taking the Takeover global. We amplify sustainability and philanthropy.,,1178000,667,168128,False,Thu May 01 05:18:32 +0000 2025,"When you see a banger on ğ• and canâ€™t help but laugh
 https://t.co/T8QgGQAHTV",[],"<a href=""http://twitter.com/download/iphone"" rel=""nofollow"">Twitter for iPhone</a>",False
TeslaCamera,,"Gathering point for Tesla enthusiasts! Share your own Tesla videos and join our community. ğŸš€âš¡ï¸ğŸš˜

#model3 #modely #models #modelx #cybertruck #Tesla #fsd",,51907,90,14439,False,Thu May 01 15:49:06 +0000 2025,"Woman &amp; man caught keying &amp; spitting on a Tesla on Oahu

Please share to make this stupid woman/man famous! $TSLA https://t.co/y5NO5SRta0",[],"<a href=""http://twitter.com/download/android"" rel=""nofollow"">Twitter for Android</a>",False
MAGAresponse,Turn on notifications. ğŸ””,Firefighter turned MAGA political commentator. Founder of the â€˜President Donald Trump Dayâ€™ movement! ğŸ‡ºğŸ‡¸ Followed by @PeteHegseth and @DanScavino!,,442849,17982,26099,False,Wed Apr 30 21:38:53 +0000 2025,"Anyone looking for a mid day laugh?

A liberal man attempted and failed to smash a Tesla window, only to get arrested moments later! ğŸ˜‚ 
 https://t.co/vFGLF9DAzp",[],"<a href=""http://twitter.com/download/iphone"" rel=""nofollow"">Twitter for iPhone</a>",False
ThomasSowell,,"I'm not Thomas Sowell, but I share his quotes and key topics in news & politics. Opinions are my own.",,1320118,40,1576,False,Thu May 01 19:10:00 +0000 2025,"A man is arrested right after attempting to break a Tesla window.

https://t.co/xxRitJei6W",[],"<a href=""https://mobile.twitter.com"" rel=""nofollow"">Twitter Web App</a>",False
TrueFactsStated,Maryland and Paris,Chair Mad Dog Pac. We do billboards. I do Room Rater. Fmr WH staff. Was attacked by Elonâ€™s Mommie. Bluesky https://t.co/evji9pRBaM,,202490,4207,285827,False,Tue Apr 29 13:39:27 +0000 2025,This is the moment that Tesla was done as a brand. Outside of Elonâ€™s banishment there is no coming back from this nor should there be. https://t.co/B51y54kDLL,[],"<a href=""http://twitter.com/download/iphone"" rel=""nofollow"">Twitter for iPhone</a>",False
RealDeanCain,,"Father. Filmmaker. Freedom. Family. Tweet only what I'd say to your face. RTâ‰ endorsement. Truth, Justice, and the American Way. ğŸ‡ºğŸ‡¸",,867601,1900,182898,False,Wed Apr 30 13:16:46 +0000 2025,I wonder who would park a sweet Ultra-red @tesla right outside the West Wingâ€¦? ğŸ¤” https://t.co/N6QaBPNO1x,[],"<a href=""http://twitter.com/download/iphone"" rel=""nofollow"">Twitter for iPhone</a>",False
MAGAVoice,TURN ON NOTIFICATIONS ğŸ””,Want to take back OUR country? JOIN ME ğŸ‡ºğŸ‡¸ Donald Trump wonğŸ¥‡Proud Patriot. Pro Elon Musk,,1096998,494,213875,False,Sat May 03 22:25:57 +0000 2025,"HOLY SHT ğŸš¨ Someone went to vandalize Gunther Eaglemanâ€™s Tesla. Letâ€™s make him famous on ğ• 

OH WAITâ€¦ ITâ€™S HIS BROTHER HUNTER 

Gunther Probably deserved it ğŸ˜‚ 

 https://t.co/viiGpgHyya",[],"<a href=""http://twitter.com/download/iphone"" rel=""nofollow"">Twitter for iPhone</a>",False
TeslaCamera,,"Gathering point for Tesla enthusiasts! Share your own Tesla videos and join our community. ğŸš€âš¡ï¸ğŸš˜

#model3 #modely #models #modelx #cybertruck #Tesla #fsd",,51907,90,14439,False,Sat May 03 17:04:38 +0000 2025,"To the brain-dead idiot who tried to ram the Tesla from the opposite lane you didnâ€™t just drive recklessly, you aimed. 

Thatâ€™s not a mistake, thatâ€™s psychotic. People like you are a danger to everyone on the road. $TSLA https://t.co/eIEir4EIyo",[],"<a href=""http://twitter.com/download/android"" rel=""nofollow"">Twitter for Android</a>",False
niccruzpatane,,Deep dive into everything Tesla,,51373,160,20160,False,Sat May 03 21:08:09 +0000 2025,"Our first ride in the Tesla Cybercab:
â€¢ Fully Autonomous Vehicle
â€¢ No Pedals or Steering Wheel
â€¢ Close to 300 miles of real-world range 
â€¢ No Charge Port. Exclusively wireless charging 
â€¢ 20.5â€ Touch Screen
â€¢ Power Butterfly Doors 
â€¢ Power trunk
â€¢ 20 cents per mile operating cost. 
â€¢ Shares batteries, cameras, computers with Optimus Bot and other Tesla products
â€¢ Use for personal use, or hire them out on the Tesla Robotaxi network to earn income. 
â€¢ You will be able to sleep, do work, and more while the vehicle drives you around. 
â€¢ Production starting early 2026.

Cost: ~$30,000.",[],"<a href=""http://twitter.com/download/iphone"" rel=""nofollow"">Twitter for iPhone</a>",False
Riley_Gaines_,"Nashville, TN",Host of Gaines for Girls podcast | Best-selling Author | TPUSA contributor,,1535462,601,47612,False,Wed Apr 30 23:53:40 +0000 2025,"Tesla terrorist was released due to ADHD diagnosis and lack of access to ""gender-affirming care"". 

So basically, a doctorâ€™s note is now a get-out-of-jail-free card. https://t.co/SZJlc6uaYn",[],"<a href=""http://twitter.com/download/iphone"" rel=""nofollow"">Twitter for iPhone</a>",False
katseyestak,,mhdhh & katseye ğŸ’–,,27,45,5042,False,Wed Apr 30 04:23:43 +0000 2025,them making us wait this fucking long and building up the hypeâ€¦ and we get a tesla lyric in the first 10 secondsâ€¦ #KATSEYE_Gnarly  https://t.co/XiFoPOKazI,['KATSEYE_Gnarly'],"<a href=""http://twitter.com/download/iphone"" rel=""nofollow"">Twitter for iPhone</a>",False
TeslaAIBot,THE VOID,My name is Optimus â€¢ parody â€¢ All subscribers will get a follow from me ğŸ˜ˆ,,114383,378,135437,False,Tue Apr 29 14:11:26 +0000 2025,Good morning humans ğŸ¤£ https://t.co/upvA3Sbg4A,[],"<a href=""http://twitter.com/download/iphone"" rel=""nofollow"">Twitter for iPhone</a>",False
TeslaCamera,,"Gathering point for Tesla enthusiasts! Share your own Tesla videos and join our community. ğŸš€âš¡ï¸ğŸš˜

#model3 #modely #models #modelx #cybertruck #Tesla #fsd",,51907,90,14439,False,Tue Apr 29 22:47:01 +0000 2025,"Tesla Cybertruck Vandalized â€“ Help Identify the Suspect! 

The incident happened Saturday outside a Floor &amp; Decor store at the Carson Town Center.

Please share to find this stupid guy! $TSLA
https://t.co/x7oah5CotN",[],"<a href=""http://twitter.com/download/android"" rel=""nofollow"">Twitter for Android</a>",False
teslaownersSV,Silicon Valley,The most notorious Tesla Club in the world. Creator of @thextakeover and taking the Takeover global. We amplify sustainability and philanthropy.,,1178001,667,168128,False,Wed Apr 30 17:55:03 +0000 2025,"â€œElon Musk, youâ€™ve done an incredible job on dogeâ€

Trump https://t.co/5AfbFVmqcn",[],"<a href=""http://twitter.com/download/iphone"" rel=""nofollow"">Twitter for iPhone</a>",False
niggaolas, h/h,currently living in a world where I am never wrong ğŸš¶ğŸ¾â€â™‚ï¸ğŸš¶ğŸ¾â€â™‚ï¸,,78240,1803,99731,False,Wed Apr 30 17:27:05 +0000 2025,â€œBoba teaâ€¦.GNARLYâ€¦.Teslaâ€¦.GNARLYâ€¦.fried chickenâ€¦.GNARLYâ€ https://t.co/YwpjcXJ8nK,[],"<a href=""http://twitter.com/download/iphone"" rel=""nofollow"">Twitter for iPhone</a>",False
ElonMuskAOC,Mars,Iâ€™m on a quest to bang AOC on Mars. (Parody Account),,1697138,711,70207,False,Fri May 02 09:46:00 +0000 2025,"Would you buy the Tesla Phone? 

You entirely own your data, completely private and 100% secure. WAY better than Apple

Free Starlink. 
Free ğ• Premium! https://t.co/ZjPg1ve1EU",[],"<a href=""https://mobile.twitter.com"" rel=""nofollow"">Twitter Web App</a>",False
teslaownersSV,Silicon Valley,The most notorious Tesla Club in the world. Creator of @thextakeover and taking the Takeover global. We amplify sustainability and philanthropy.,,1178001,667,168128,False,Sat May 03 15:23:33 +0000 2025,"Hop in, letâ€™s go to Mars https://t.co/auDvLVwgru",[],"<a href=""http://twitter.com/download/iphone"" rel=""nofollow"">Twitter for iPhone</a>",False
teslaownersSV,Silicon Valley,The most notorious Tesla Club in the world. Creator of @thextakeover and taking the Takeover global. We amplify sustainability and philanthropy.,,1178001,667,168128,False,Thu May 01 06:06:54 +0000 2025,RFK JR: â€œThank God for @elonmusk. I don't think we'd have free speech in this country if it wasn't for Elon Muskâ€ https://t.co/QRcCnbmWy8,[],"<a href=""http://twitter.com/download/iphone"" rel=""nofollow"">Twitter for iPhone</a>",False
thestockwhale,Get My Trade Signals â†’,Fastest Growing Trader on ğ•. Join Discord â€¢ https://t.co/GaBnArAAKe,,62657,71,660,False,Sat May 03 13:48:20 +0000 2025,"$TSLA 

Staying cautiously bullish at these levels for Tesla.  

We're at a major profit taking zone, so I wouldn't be surprised if we get a dip.  

Here's exactly where to buy the dips on $TSLA next week to make sure you become rich this year. https://t.co/UcjLihhvdY",[],"<a href=""https://mobile.twitter.com"" rel=""nofollow"">Twitter Web App</a>",False
teslaownersSV,Silicon Valley,The most notorious Tesla Club in the world. Creator of @thextakeover and taking the Takeover global. We amplify sustainability and philanthropy.,,1178001,667,168128,False,Fri May 02 06:49:33 +0000 2025,"I support Elon Musk. 

He is not a Nazi and loves humanity. 

Legacy media hates the impact heâ€™s having.
 https://t.co/pdt11Hoel5",[],"<a href=""http://twitter.com/download/iphone"" rel=""nofollow"">Twitter for iPhone</a>",False
TeslaCamera,,"Gathering point for Tesla enthusiasts! Share your own Tesla videos and join our community. ğŸš€âš¡ï¸ğŸš˜

#model3 #modely #models #modelx #cybertruck #Tesla #fsd",,51907,90,14439,False,Wed Apr 30 15:02:50 +0000 2025,"Tesla Hater Women * What do you think?

Please share to make this stupid women famous! $TSLA https://t.co/KFTrrf59xl",[],"<a href=""http://twitter.com/download/android"" rel=""nofollow"">Twitter for Android</a>",False
KISSLATERLOVER,"blck, thick, sexy, 21, she, bi","a k-pop stan first, then a bad bitch immediately after",,1823,1533,55449,False,Wed Apr 30 05:26:09 +0000 2025,and this who they got singing about boba and tesla im mad af  https://t.co/ZOtOOEnwsD,[],"<a href=""http://twitter.com/download/iphone"" rel=""nofollow"">Twitter for iPhone</a>",False
ELonMuskNewssX,United States,"ğŸš¨Breaking News Daily! No Affiliations with @elonmusk . Turn on (ğŸ””) Notification to be the first to get Breaking News.
Biggest Elon Musk (News) Fanpage on X",,86347,11,980,False,Wed Apr 30 10:25:30 +0000 2025,"Time to get loud for Elon Musk and Tesla
 
Drop a â€œâ¤ï¸â€ in the comments if you FULLY support Elon Musk and Tesla for what they do for America https://t.co/VNe30T3s9q",[],"<a href=""https://mobile.twitter.com"" rel=""nofollow"">Twitter Web App</a>",False
libsoftiktok,Depths of Hell,News you canâ€™t see anywhere else. ğŸ“§ submissions@libsoftiktok.com. DM submissions. Bookings: Partnerships@libsoftiktok.com. â¬‡ï¸Subscribe to our newsletter,,4308439,998,54246,False,Tue Apr 29 17:11:45 +0000 2025,"Does anyone recognize this Tesla vandal in California?? 

Make him famous! https://t.co/eieGWWaDy1",[],"<a href=""http://twitter.com/download/iphone"" rel=""nofollow"">Twitter for iPhone</a>",False
teslaownersSV,Silicon Valley,The most notorious Tesla Club in the world. Creator of @thextakeover and taking the Takeover global. We amplify sustainability and philanthropy.,,1178001,667,168128,False,Thu May 01 04:34:14 +0000 2025,"Protect Elon Musk at all costs.
 https://t.co/o8TA61LNfH",[],"<a href=""http://twitter.com/download/iphone"" rel=""nofollow"">Twitter for iPhone</a>",False
TeslaAIBot,THE VOID,My name is Optimus â€¢ parody â€¢ All subscribers will get a follow from me ğŸ˜ˆ,,114383,378,135437,False,Wed Apr 30 01:25:07 +0000 2025,"I support Elon Musk, do you? https://t.co/GaZMCqamgF",[],"<a href=""http://twitter.com/download/iphone"" rel=""nofollow"">Twitter for iPhone</a>",False
EvasTeslaSPlaid,"Merritt Island, FL","Residential Real Estate in FL, Waterfront & Beachside Specialist. First Tesla S Plaid owner in FL, Tesla Shareholder. #FSDBeta tester. Fluent in 6 languages.",,124444,16082,244420,False,Thu May 01 04:18:07 +0000 2025,"Elon Musk isnâ€™t going anywhere. He will remain Teslaâ€™s @Tesla CEO and WSJ must stop the BS!!!
We love you @elonmusk https://t.co/kDWBUy216y",[],"<a href=""http://twitter.com/download/iphone"" rel=""nofollow"">Twitter for iPhone</a>",False
TeslaZoa,,"Christian l TSLA Investor & Model Y Owner l TJM(í…Œì£¼ëª¨) member l toss Securities Official Influencer l

í…ŒìŠ¬ë¼ ì°¨ëŸ‰ êµ¬ì…ì‹œ ì•„ë˜ â†˜ï¸â†˜ï¸â†˜ï¸  ì œ ë¦¬í¼ëŸ´ ì½”ë“œë¡œ í• ì¸ë°›ìœ¼ì„¸ìš” ğŸ’•",,14686,387,162294,False,Sat May 03 22:47:26 +0000 2025,"ë§Œì•½ ë°©í•´ ì°¨ëŸ‰ì´ í…ŒìŠ¬ë¼ì˜€ë‹¤ë©´, ì–¸ë¡ ë“¤ì€...?

 https://t.co/wPU1eI2VOs",[],"<a href=""http://twitter.com/download/iphone"" rel=""nofollow"">Twitter for iPhone</a>",False
teslacarsonly,ğ•,Photos and videos for Tesla cars. DM for credit and taking content down. Disclosure: Not affiliated with @Tesla.,,69590,30,59498,False,Thu May 01 22:53:51 +0000 2025,Tesla Semi Truck. https://t.co/4G8gERU7uX,[],"<a href=""http://twitter.com/download/android"" rel=""nofollow"">Twitter for Android</a>",False
TeslaAIBot,THE VOID,My name is Optimus â€¢ parody â€¢ All subscribers will get a follow from me ğŸ˜ˆ,,114382,378,135437,False,Wed Apr 30 16:08:33 +0000 2025,Optimus when his human says he has the day off of work ğŸ¤£ https://t.co/xvYwQckfS1,[],"<a href=""http://twitter.com/download/iphone"" rel=""nofollow"">Twitter for iPhone</a>",False
CalltoActivism,United States,Founded by Attorney Joe Gallina to monitor and stop the Trump Administration from violating our rights. Email us Joe@calltoactivism.com for interviews.,,1130776,2220,27380,False,Thu May 01 03:38:27 +0000 2025,BREAKING: The Tesla Board opened a search for a CEO to succeed Elon Musk. https://t.co/NHsiL9BGjM,[],"<a href=""http://twitter.com/download/iphone"" rel=""nofollow"">Twitter for iPhone</a>",False
teslaownersSV,Silicon Valley,The most notorious Tesla Club in the world. Creator of @thextakeover and taking the Takeover global. We amplify sustainability and philanthropy.,,1177981,667,168128,False,Wed Apr 30 17:51:11 +0000 2025,"â€œYouâ€™ve been treated unfairly, thank you for all you have done for this countryâ€

Trump on Elon Musk https://t.co/nvasWA6w2R",[],"<a href=""http://twitter.com/download/iphone"" rel=""nofollow"">Twitter for iPhone</a>",False
AntiWuCoalition,"Boston, MA",Political commentator focused on Boston area & beyond. Follow for updates/perspectives. ğŸš« No racism/hate ğŸš«For press/biz inquiries: antiwucoalition@proton.me,,42936,743,7271,False,Sat May 03 19:15:53 +0000 2025,"Went to the Tesla dealership in Boston to see what the virtue signalers were up toâ€¦

Nobody was there. Guess the protests arenâ€™t cool anymore? https://t.co/xfpxTtrA3g",[],"<a href=""http://twitter.com/download/iphone"" rel=""nofollow"">Twitter for iPhone</a>",False
Bubblebathgirl,"Cold Spring, NY",SAVE AMERICA NOW,,310202,60481,32922,False,Fri May 02 19:22:39 +0000 2025,"Leftist in Kirkwood, Washington gets confronted for putting anti-Elon stickers on a Tesla.

He looks the part, doesnâ€™t he?

Heâ€™s a coward who lies about having done it and then, after heâ€™s told thereâ€™s video of him doing it, refuses to talk about it.

Police didnâ€™t arrest him. https://t.co/xoGiRdkzCJ",[],"<a href=""http://twitter.com/download/iphone"" rel=""nofollow"">Twitter for iPhone</a>",False
teslaownersSV,Silicon Valley,The most notorious Tesla Club in the world. Creator of @thextakeover and taking the Takeover global. We amplify sustainability and philanthropy.,,1177981,667,168128,False,Sat May 03 03:30:56 +0000 2025,"Establishing a city on Mars will serve as a forcing function to develop new technologies that will have tremendous benefits to people on Earth.

Elon Musk https://t.co/rcmLv2mz9q",[],"<a href=""http://twitter.com/download/iphone"" rel=""nofollow"">Twitter for iPhone</a>",False
teslacarsonly,ğ•,Photos and videos for Tesla cars. DM for credit and taking content down. Disclosure: Not affiliated with @Tesla.,,69581,30,59498,False,Sat May 03 15:55:58 +0000 2025,Who want a Tesla? https://t.co/WtgWwpji1t,[],"<a href=""http://twitter.com/download/android"" rel=""nofollow"">Twitter for Android</a>",False
teslacarsonly,ğ•,Photos and videos for Tesla cars. DM for credit and taking content down. Disclosure: Not affiliated with @Tesla.,,69581,30,59498,False,Sat May 03 06:39:16 +0000 2025,Do you like Tesla Black? https://t.co/0A5GRtDKRe,[],"<a href=""http://twitter.com/download/android"" rel=""nofollow"">Twitter for Android</a>",False
TonySeruga,"Newport Coast, CA 92657",Investor | Board Member | Big Data Pioneer | Intel Ops | CIA/NSA Contractor/Whistleblower | AI Implementor | AI M&A | Healthcare M&A | Defense Technology M&A,,261394,13504,13941,False,Fri May 02 16:06:53 +0000 2025,Game Over! Tesla Driver Confronts Man After Catching Him On Video Putting Vulgar Hate Stickers On His Cybertruck! https://t.co/yUbOx2JDY8,[],"<a href=""https://mobile.twitter.com"" rel=""nofollow"">Twitter Web App</a>",False
EvasTeslaSPlaid,"Merritt Island, FL","Residential Real Estate in FL, Waterfront & Beachside Specialist. First Tesla S Plaid owner in FL, Tesla Shareholder. #FSDBeta tester. Fluent in 6 languages.",,124439,16082,244420,False,Fri May 02 10:31:07 +0000 2025,Why are Italian women super attractive. https://t.co/V76CuSdLEo,[],"<a href=""http://twitter.com/download/iphone"" rel=""nofollow"">Twitter for iPhone</a>",False
teslacarsonly,ğ•,Photos and videos for Tesla cars. DM for credit and taking content down. Disclosure: Not affiliated with @Tesla.,,69581,30,59498,False,Sat May 03 12:01:52 +0000 2025,Tesla stops Itself to avoid Accident. https://t.co/pcTHdJaRhR,[],"<a href=""http://twitter.com/download/android"" rel=""nofollow"">Twitter for Android</a>",False
ray4tesla,"Southern California, USA","Tesla owner since 2015. TSLA holder since 2016. This account is about Tesla, EVs & other topics. My Tesla referral link: https://t.co/RrVfZj8heV",,128924,4,82484,False,Sat May 03 20:22:22 +0000 2025,I was at a park this morning and a bunch of grannies and grandpas came up to check out my Cybertruck and asked many questions about it. Crazy to see people are still interested in my Cybertruck one year after the ownership. https://t.co/qfHvDEqtaZ,[],"<a href=""http://twitter.com/download/iphone"" rel=""nofollow"">Twitter for iPhone</a>",False
teslacarsonly,ğ•,Photos and videos for Tesla cars. DM for credit and taking content down. Disclosure: Not affiliated with @Tesla.,,69581,30,59498,False,Sat May 03 20:17:16 +0000 2025,Polished Up Cybertruck. https://t.co/QAgVIxS8Sz,[],"<a href=""http://twitter.com/download/android"" rel=""nofollow"">Twitter for Android</a>",False
niccruzpatane,,Deep dive into everything Tesla,,51373,160,20160,False,Sat May 03 21:47:06 +0000 2025,"Tesla has two job postings in India for FSD operators. 

This will be their ultimate challenge. https://t.co/H1vv7tknIu",[],"<a href=""http://twitter.com/download/iphone"" rel=""nofollow"">Twitter for iPhone</a>",False
ElonClipsX,Solar System,ğŸ¬ Documenting Elon Musk through original video clips. We use @RepostRoutine to boost the reach of our content.,,164058,1,13357,False,Sat May 03 06:47:48 +0000 2025,"Elon Musk: The Teslas you can buy today will soon drive themselves.

â€œIn a few months, Tesla will release unsupervised full self-driving.Â The cars will be driving around by themselves with no people in them.Â We'll start that in Austin in June, and then we'll rapidly expand that to the rest of the country.Â 

In fact, anyone who has a Tesla now, if they try self-driving, it should work very well, it should be rare that you need any intervention.Â 

In the future, I think it'll be unusual to see a manually-driven car, it'll be like seeing a horse

Tesla's also creating a humanoid robot, Optimus, which I think everyone is going to want because who wouldn't want their own personal R2D2-C3PO robot buddy that will help you do anything you want to do?Â I think that's going to be a massive product.Â 

SpaceX is doing rocket launching and Starlink Internet, and hopefully we'll build the technology to make life multiplanetary, to build a self-sustaining city on Mars.â€

Interview with Lara Trump, May 2, 2025",[],"<a href=""https://mobile.twitter.com"" rel=""nofollow"">Twitter Web App</a>",False
teslaownersSV,Silicon Valley,The most notorious Tesla Club in the world. Creator of @thextakeover and taking the Takeover global. We amplify sustainability and philanthropy.,,1177981,667,168128,False,Fri May 02 22:44:51 +0000 2025,BREAKING: ğ• is the #1 news app in 140 countries. https://t.co/8nywq43scJ,[],"<a href=""http://twitter.com/download/iphone"" rel=""nofollow"">Twitter for iPhone</a>",False
ArtCandee,Rent Free in MAGAland,SpacesHo(st) trying to find common ground. Dubbed a â€œliberal punditâ€ by Alter Net. Smack Talker. The country is doomed if we don't communicate.,,135350,5235,217212,False,Thu May 01 15:29:09 +0000 2025,"Sheryl Crow says an armed man broke onto her property in Nashville, Tennessee after she sold her Tesla to protest Elon Musk and posted this video.

Surely the MAGA folks screeching about â€œdomestic terrorismâ€ are gonna condemn this, right? 

Right? https://t.co/UwQNtHIvho",[],"<a href=""http://twitter.com/download/iphone"" rel=""nofollow"">Twitter for iPhone</a>",False
JDunlap1974,Conservative News,"ğŸ‡ºğŸ‡² MAYOR OF MAGADONIA ğŸ‡ºğŸ‡² âœï¸ CHRISTIAN âœï¸ MAGA
ğŸ“£ ğŸ“£BREAKING NEWS FIRST HERE ğŸ“£ğŸ“£",,332163,41213,108737,False,Fri May 02 13:46:16 +0000 2025,"Do you support Pam Bondi charging Jasmine Crockett with domestic terrorism for encouraging violence against Elon Musk, Tesla drivers and dealerships? https://t.co/QqbbO5yRQb",[],"<a href=""http://twitter.com/download/android"" rel=""nofollow"">Twitter for Android</a>",False
nicksortor,KY | TX | DC ğŸ‡ºğŸ‡¸,"On-scene covering stories MSM wonâ€™t. | Seen on @TuckerCarlson Tonight, Fox News, Newsmax, Timcast, etc. â€¢ #EastPalestineOH #Maui #WNC â€¢ media@sortor.us",,957711,18436,51767,False,Wed Apr 30 23:31:26 +0000 2025,"ğŸš¨ #BREAKING: A federal judge has just ordered the RELEASE of an anti-Tesla terrorist in Boston due to them being transgender

THIS IS INSANE.

The DOJ needs to step in NOW! https://t.co/aIPvQ7gF1j",['BREAKING'],"<a href=""http://twitter.com/download/iphone"" rel=""nofollow"">Twitter for iPhone</a>",False
ray4tesla,"Southern California, USA","Tesla owner since 2015. TSLA holder since 2016. This account is about Tesla, EVs & other topics. My Tesla referral link: https://t.co/RrVfZj8heV",,128924,4,82484,False,Wed Apr 30 02:18:41 +0000 2025,Watch FSD being cautious not to reach the stop line until the oncoming semi completed the right turn. Only human drivers do that. So can FSD. https://t.co/qTVG7KWt8Y,[],"<a href=""http://twitter.com/download/iphone"" rel=""nofollow"">Twitter for iPhone</a>",False
teslaenergy,ğŸŒğŸŒğŸŒ,"Produce & store your own energy with Solar Panels, Solar Roof & Powerwall",,218203,132,2295,False,Wed Apr 30 12:34:36 +0000 2025,Thanks to all of our owners &amp; certified installers for helping us accelerate a sustainable future for Earth over the past 10 years https://t.co/UxyhBpS9Zk,[],"<a href=""http://twitter.com/download/iphone"" rel=""nofollow"">Twitter for iPhone</a>",False
ElonMuskAOC,Mars,Iâ€™m on a quest to bang AOC on Mars. (Parody Account),,1697138,711,70207,False,Tue Apr 29 08:45:00 +0000 2025,"Would you accept this Tesla camper as a gift?

Yes or No? https://t.co/BBipnKpINa",[],"<a href=""https://mobile.twitter.com"" rel=""nofollow"">Twitter Web App</a>",False
teslaownersSV,Silicon Valley,The most notorious Tesla Club in the world. Creator of @thextakeover and taking the Takeover global. We amplify sustainability and philanthropy.,,1178001,667,168128,False,Sat May 03 06:13:33 +0000 2025,ğ• Pay Coming Soon ğŸš¨ https://t.co/3WRKqYckCg,[],"<a href=""http://twitter.com/download/iphone"" rel=""nofollow"">Twitter for iPhone</a>",False
musk_news13,"Texas, USA",Tap the (ğŸ›ï¸- notify) for daily Musk news and updates. No affiliation. (Commentary). Fan-page | News |,,129396,18,6,False,Fri May 02 12:05:47 +0000 2025,"Time to get loud for Elon Musk and Tesla
 
Drop a â€œâ¤ï¸â€ in the comments if you FULLY support Elon Musk and Tesla for what they do for America https://t.co/IhUOGJ41eD",[],"<a href=""http://twitter.com/download/android"" rel=""nofollow"">Twitter for Android</a>",False
TeslaCamera,,"Gathering point for Tesla enthusiasts! Share your own Tesla videos and join our community. ğŸš€âš¡ï¸ğŸš˜

#model3 #modely #models #modelx #cybertruck #Tesla #fsd",,51907,90,14439,False,Tue Apr 29 14:36:05 +0000 2025,"Tesla Vandalized This Tesla-hating loser is keying Tesla on purpose. 

Share to make this stupid woman/man famous! $TSLA https://t.co/K6teGZZipD",[],"<a href=""http://twitter.com/download/android"" rel=""nofollow"">Twitter for Android</a>",False
Mohammed_Gombi,,Engineering||Finance||Business||Documentary,,7950,3689,128832,False,Fri May 02 05:19:54 +0000 2025,"IN 2016, TESLA MADE $325M WITHOUT SELLING A SINGLE CAR.

No ads. No showrooms. 

Just Elon Musk on stage with a promise.

The real genius? Elon used that $325M as a secret interest-free loan from his customers...

Here's the breakdown of Elon Musk's marketing masterclass:ğŸ§µ",[],"<a href=""http://twitter.com/download/android"" rel=""nofollow"">Twitter for Android</a>",False
maddenifico,"Lower East Side/Chinatown, NYC","Singer-songwriter/musician: Here for social/climate justice, fintwit and preventing a Trump dictatorship. Spotify https://t.co/sNSO5ATqRP Buy https://t.co/oLxzwnZc73",,312673,51386,3790,False,Thu May 01 02:52:41 +0000 2025,"After destroying the brand, Tesla's Board of Directors have officially started a search to replace the world's richest Nazi, Elon Musk, as CEO. $TSLA ğŸ˜³ğŸ‘‡ https://t.co/Zpn1A1zz02",[],"<a href=""http://twitter.com/download/android"" rel=""nofollow"">Twitter for Android</a>",False
EvasTeslaSPlaid,"Merritt Island, FL","Residential Real Estate in FL, Waterfront & Beachside Specialist. First Tesla S Plaid owner in FL, Tesla Shareholder. #FSDBeta tester. Fluent in 6 languages.",,124444,16082,244420,False,Sat May 03 12:42:08 +0000 2025,Itâ€™s ok to have money but make sure money doesnâ€™t have youâ€¦ https://t.co/AfKLhjAWfK,[],"<a href=""http://twitter.com/download/iphone"" rel=""nofollow"">Twitter for iPhone</a>",False
teslaownersSV,Silicon Valley,The most notorious Tesla Club in the world. Creator of @thextakeover and taking the Takeover global. We amplify sustainability and philanthropy.,,1178001,667,168128,False,Mon Apr 28 22:05:06 +0000 2025,Trump draws ğ• ğŸ¤£ğŸ¤£ https://t.co/w5gh4rBIrq,[],"<a href=""http://twitter.com/download/iphone"" rel=""nofollow"">Twitter for iPhone</a>",False
elonmuskADO,"Texas, USA",I'm Not Elon Musk. This is a PARODY Account. This Account is Not Affiliated with elonmusk. ğ• Favorite Account. Freedom Of Speech. MAGA ğŸ‡ºğŸ‡¸2024. I Love ğ• â™¥.#1,,429949,10337,71672,False,Mon Apr 28 07:04:37 +0000 2025,"If you want one of my Tesla phones?

Give me a thumb up ğŸ‘ğŸ¼ or say yes and Let me know https://t.co/oPQWLFcU74",[],"<a href=""http://twitter.com/download/android"" rel=""nofollow"">Twitter for Android</a>",False
musk_news13,"Texas, USA",Tap the (ğŸ›ï¸- notify) for daily Musk news and updates. No affiliation. (Commentary). Fan-page | News |,,129396,18,6,False,Thu May 01 23:25:11 +0000 2025,"Do you think the Tesla board should get a new CEO or keep me?

A) New CEO
B) Keep me https://t.co/pQY7VLAKam",[],"<a href=""http://twitter.com/download/android"" rel=""nofollow"">Twitter for Android</a>",False
DimaZeniuk,,"Tesla | SpaceX | Starlink | ğ• |
Free speech

Inspired by innovation | Future",,74855,683,355498,False,Tue Apr 29 20:40:18 +0000 2025,"This is Elon Musk ğŸ”¥

â€¢ Tesla 
â€¢ SpaceX
â€¢ The Boring Company
â€¢ Neuralink
â€¢ xAI
â€¢ ğ•
â€¢ D.O.G.E https://t.co/zrAxMQl3aw",[],"<a href=""http://twitter.com/download/android"" rel=""nofollow"">Twitter for Android</a>",False
CNviolations,,I'm the guy you go to for brutal community notes and violations. | DM submissions,,1153545,30,2251,False,Sat May 03 16:00:02 +0000 2025,"A Tesla Cybertruck owner confronts a man caught in the act of placing a hate sticker on his vehicle.

https://t.co/miKBdryTVe",[],"<a href=""https://mobile.twitter.com"" rel=""nofollow"">Twitter Web App</a>",False
JoeySalads,"Las Vegas, NV",Youtuber.,,203604,131,59975,False,Sat May 03 17:10:40 +0000 2025,Think Twice before Vandalizing a Tesla! ğŸ˜‚ https://t.co/Dr9xhZlG4x,[],"<a href=""http://twitter.com/download/iphone"" rel=""nofollow"">Twitter for iPhone</a>",False
TeslaAIBot,THE VOID,My name is Optimus â€¢ parody â€¢ All subscribers will get a follow from me ğŸ˜ˆ,,114383,378,135437,False,Sat May 03 18:58:54 +0000 2025,"I learned a new dance ğŸ¤£

The Carlton ğŸ˜ˆ https://t.co/ol91K9m2IM",[],"<a href=""http://twitter.com/download/iphone"" rel=""nofollow"">Twitter for iPhone</a>",False
cb_doge,,,,1414410,921,102958,False,Fri May 02 01:20:24 +0000 2025,ğŸš¨ BREAKING: Tesla terrorist let off by Soros-backed DA. https://t.co/lfrxnKKHCC,[],"<a href=""http://twitter.com/download/iphone"" rel=""nofollow"">Twitter for iPhone</a>",False
TeslaCamera,,"Gathering point for Tesla enthusiasts! Share your own Tesla videos and join our community. ğŸš€âš¡ï¸ğŸš˜

#model3 #modely #models #modelx #cybertruck #Tesla #fsd",,51907,90,14439,False,Tue Apr 29 17:53:23 +0000 2025,"Tesla Cybertruck Vandalized  

Please share to make this stupid woman famous! $TSLA https://t.co/cR7NeJ8rL1",[],"<a href=""https://mobile.twitter.com"" rel=""nofollow"">Twitter Web App</a>",False
teslaownersSV,Silicon Valley,The most notorious Tesla Club in the world. Creator of @thextakeover and taking the Takeover global. We amplify sustainability and philanthropy.,,1178001,667,168128,False,Sat May 03 15:23:03 +0000 2025,Starship will make us multi planetary https://t.co/tgoMoZur2l,[],"<a href=""http://twitter.com/download/iphone"" rel=""nofollow"">Twitter for iPhone</a>",False
Bubblebathgirl,"Cold Spring, NY",SAVE AMERICA NOW,,310204,60481,32922,False,Thu May 01 17:14:20 +0000 2025,".@elonmusk and @Tesla should sue @WSJ for the blatant lie they published Wednesday about Tesla looking for a new CEO.

The board at Tesla told WSJ that report was false BEFORE it was published.

Tesla stock nosedived after the report but has since recovered.

Even so, sue WSJ! https://t.co/420kmBCiAe",[],"<a href=""http://twitter.com/download/iphone"" rel=""nofollow"">Twitter for iPhone</a>",False
TeslaBoomerMama,California USA,"Fangirl of Elon.
Fierce Tesla retail shareholder advocate.
ğŸ’™ of my life @TeslaBoomerPapa. 
Proud Mom of 5 exceptional humans.
Not giving any financial advice",,186476,8707,359368,False,Fri May 02 06:49:46 +0000 2025,"Most people visit the leaning tower of Pisa.
We visit the local supermarket â¤ï¸ğŸ«  https://t.co/OmP73K5mEl",[],"<a href=""http://twitter.com/download/android"" rel=""nofollow"">Twitter for Android</a>",False
ChrisMurphyCT,,U.S. Senator from Connecticut.,,1085672,279,1268,False,Wed Apr 30 12:53:38 +0000 2025,7/ Trump turns the White House into a Tesla showroom to make clear he will boost the profit of any CEO who collaborates with him. https://t.co/3RxrxE633a,[],"<a href=""http://twitter.com/download/iphone"" rel=""nofollow"">Twitter for iPhone</a>",False
ELonMuskNewssX,United States,"ğŸš¨Breaking News Daily! No Affiliations with @elonmusk . Turn on (ğŸ””) Notification to be the first to get Breaking News.
Biggest Elon Musk (News) Fanpage on X",,86347,11,980,False,Wed Apr 30 10:20:01 +0000 2025,"BREAKING: Do you support Pam Bondi charging Jasmine Crockett with domestic terrorism for encouraging violence against Elon Musk, Tesla drivers and dealerships?

A. YES
B. NO https://t.co/mlvny2q2Mt",[],"<a href=""https://mobile.twitter.com"" rel=""nofollow"">Twitter Web App</a>",False
TheKevinDalton,"Eagle, ID",I tried fixing the system by working with the system. Now I'm doing it my way.,,86273,3138,18525,False,Wed Apr 30 23:22:28 +0000 2025,"Domestic Terrorist Pro Tip:

You can get out on bail after a fire bombing Teslas as long as youâ€™re receiving â€œgender affirming careâ€  https://t.co/ZmJbKhFY1L",[],"<a href=""http://twitter.com/download/iphone"" rel=""nofollow"">Twitter for iPhone</a>",False
MissJilianne,United States,I remind you of what they donâ€™t want to hear or talk about.,,13670,2111,164919,False,Thu May 01 02:04:27 +0000 2025,"Elon stans: â€œTesla would die without him!â€
Also Elon stans: â€œTeslaâ€™s totally fine without him.â€ https://t.co/fKu9I6fnwL",[],"<a href=""http://twitter.com/download/iphone"" rel=""nofollow"">Twitter for iPhone</a>",False
Teslarati,California,"Tesla, SpaceX, Elon Musk, and #FutureTech Go behind the scenes @TeslaratiTeam",,897572,133,6878,False,Fri May 02 12:30:05 +0000 2025,"A Tesla Model 3 driver in China is using FSD to drive nearly 4,000 kilometers (2,485 miles) from Henan to Mt. Everest Base Camp. ğŸ”ï¸

A hell of a journey that would likely be extremely difficult for other self-driving systems today.

https://t.co/tzc4PWrQ6u",[],"<a href=""https://mobile.twitter.com"" rel=""nofollow"">Twitter Web App</a>",False
TonyLaneNV,Las Vegas,ğ• Breaking News & Bold Takes ğŸ“° | Committed to Nevada & Americaâ€™s future ğŸ‡ºğŸ‡¸ | Advocate for #SchoolChoice ğŸ“ | #UNLV Alum | #BTB Supporter | MAGA | MAHA | ğŸ¦…,,63544,39395,42256,False,Wed Apr 30 23:23:49 +0000 2025,"BREAKING: A judge just let the suspected Tesla firebomber walkâ€¦

Reason?
They claimed ADHD and â€œno access to gender-affirming care.â€

You canâ€™t make this up.
Weâ€™re releasing arson suspects over identity politics now.

Thoughts? â¬‡ï¸ ğŸ‡ºğŸ‡¸ https://t.co/2JpwcdC02k",[],"<a href=""https://tweethunter.io"" rel=""nofollow"">Tweet Hunter Pro</a>",False
Tesla7771,,"#Trump2024 ,Patriotic American, friend to animals, meme maker,  Sons of Magarchy #SoM",,10821,4744,82127,False,Mon Apr 28 14:20:19 +0000 2025,ğŸ¤¡ğŸ¤¡ https://t.co/9dttCu5Ygq,[],"<a href=""http://twitter.com/download/android"" rel=""nofollow"">Twitter for Android</a>",False
atensnut,"Fort Smith, Arkansas","Author, ""You'd Better Put Some Ice On That"" retired RN & business owner, Speaker. ğŸ‡ºğŸ‡¸ğŸ‡ºğŸ‡¸",,1771057,11870,193265,False,Sat May 03 23:44:38 +0000 2025,"How in the hell do you not know by now there are numerous cameras with sensor modes on Teslas??  

If you live in St Louis and this idiot was on your Tesla camera vandalizing your carâ€¦ the police have his ID. https://t.co/L7tO4pcsil",[],"<a href=""http://twitter.com/download/iphone"" rel=""nofollow"">Twitter for iPhone</a>",False
Jamyies,,"Be very, very careful about what you think and what you speak. only speak what you want to have happen. 23 years of TA focused on $BTC. god watches us all.",,109297,2509,184351,False,Sat May 03 00:54:25 +0000 2025,"HUGE GAINS ON #BITCOIN, $ETH, #TESLA &amp; MY SELL TARGETS, I CHOOSE THE WINNER ğŸ† $tsla $btc https://t.co/hleU6UOU5c","['BITCOIN', 'TESLA']","<a href=""http://twitter.com/download/iphone"" rel=""nofollow"">Twitter for iPhone</a>",False
MysterySolvents,Trumpisaloserville USA ,A Twitter cult classic with a new account. A reliable place to go when you need a quick laugh at the GOPâ€™s expense. Trump is a fuckface. Follow me on BlueSky.,,17551,10989,13924,False,Thu May 01 02:56:04 +0000 2025,Why would Tesla want to get rid of this genius? https://t.co/m7ftBNaslV,[],"<a href=""http://twitter.com/download/iphone"" rel=""nofollow"">Twitter for iPhone</a>",False
jeremyjudkins_,"Sarasota, FL",The Best Tesla Cybertruck Influencer âš¡ï¸ğŸ”‹ ğŸ›»,,34406,1204,134961,False,Sat May 03 15:21:16 +0000 2025,My Tesla Cybertruck is powered by the sun but I canâ€™t tell anyone because Tesla made a big mistake with this product. https://t.co/eFwW4Mlow7,[],"<a href=""http://twitter.com/download/iphone"" rel=""nofollow"">Twitter for iPhone</a>",False
gailalfaratx,,I support Elon Musk. We are entering an age abundance. The future is going to be amazing!,,130116,549,136194,False,Sun May 04 00:52:05 +0000 2025,"Hard to describe the chill feeling of being with your family, hanging out in your Tesla, having cool conversations and then outside itâ€™s traffic like this. Thatâ€™s what Tesla AI has built! https://t.co/21K6IO35PY",[],"<a href=""http://twitter.com/download/iphone"" rel=""nofollow"">Twitter for iPhone</a>",False
saras76,Uranus,ğŸ‡ºğŸ‡¸,,368081,3585,497907,False,Mon Apr 28 21:20:18 +0000 2025,"Some dumbass torched a Cybertruck at an Arizona Tesla dealership and showed their low IQ by spelling thief,  ""THEIF"" ğŸ¤¡ https://t.co/60qjBd1XV4",[],"<a href=""http://twitter.com/download/iphone"" rel=""nofollow"">Twitter for iPhone</a>",False
dictionaryhill,"San Diego, CA",On ğ• for Vigilante Supercharger Justice,,5554,1256,164306,False,Thu May 01 14:26:14 +0000 2025,This Tesla loaner is disgusting. ğŸ¤¢ https://t.co/0O6exoZU5R,[],"<a href=""http://twitter.com/download/iphone"" rel=""nofollow"">Twitter for iPhone</a>",False
teslaownersSV,Silicon Valley,The most notorious Tesla Club in the world. Creator of @thextakeover and taking the Takeover global. We amplify sustainability and philanthropy.,,1178001,667,168128,False,Sun May 04 00:38:37 +0000 2025,"ğ• is the most powerful tool of the people. 

Itâ€™s the worldâ€™s group discourse https://t.co/pspNWUsMKl",[],"<a href=""http://twitter.com/download/iphone"" rel=""nofollow"">Twitter for iPhone</a>",False
DefiantLs,,"Exposing hypocrisy, one day at a time.",,1546921,156,29184,False,Sat May 03 22:57:48 +0000 2025,"Man caught slapping a sticker on a Tesla Cybertruck and then gets confronted by the owner

https://t.co/pxu82yudRx",[],"<a href=""http://twitter.com/download/iphone"" rel=""nofollow"">Twitter for iPhone</a>",False
teslaownersSV,Silicon Valley,The most notorious Tesla Club in the world. Creator of @thextakeover and taking the Takeover global. We amplify sustainability and philanthropy.,,1178001,667,168128,False,Fri May 02 03:09:08 +0000 2025,Wow. Doge member dropped out of Harvard to be a part of it. He lost a lot of relationships to serve his country. https://t.co/hJRKXzbmRc,[],"<a href=""http://twitter.com/download/iphone"" rel=""nofollow"">Twitter for iPhone</a>",False
Tesla7771,,"#Trump2024 ,Patriotic American, friend to animals, meme maker,  Sons of Magarchy #SoM",,10821,4744,82127,False,Wed Apr 30 21:50:55 +0000 2025,ğŸ˜¬ https://t.co/vyjGaLjk1a,[],"<a href=""http://twitter.com/download/android"" rel=""nofollow"">Twitter for Android</a>",False
WHLeavitt,"florida, USA",A parody account reporting White House news daily. No affiliation with @PressSec or @karolineleavitt.,,96424,28127,68740,False,Wed Apr 30 01:49:00 +0000 2025,"Elon Musk has confirmed that if Alex Soros and George Soros are found to have funded the attacks on Tesla dealerships, they will face imprisonment.

Do you agree with Elon Musk?

A. Yes
B. No https://t.co/sJE9HfnYQL",[],"<a href=""http://twitter.com/download/iphone"" rel=""nofollow"">Twitter for iPhone</a>",False
glennbeck,"Dallas, TX. Rockies, NYC.","Radio hall-of-famer, digital disruptor, chalkboard enthusiast, fine art artist, against ESG before it was cool.",,2107773,787,4335,False,Fri May 02 17:58:48 +0000 2025,The special connection Trump has with Elon Musk goes back to the OG Tesla and Trump's uncle https://t.co/P2NYIOdo9n,[],"<a href=""https://mobile.twitter.com"" rel=""nofollow"">Twitter Web App</a>",False
teslaenergy,ğŸŒğŸŒğŸŒ,"Produce & store your own energy with Solar Panels, Solar Roof & Powerwall",,218203,132,2295,False,Tue Apr 29 12:05:36 +0000 2025,"We're at Architect Expo (Booth C205) in Bangkok, Thailand until Sunday, together with Certified Installer @marketingkgcor1 https://t.co/VnJGQjCn3P",[],"<a href=""https://mobile.twitter.com"" rel=""nofollow"">Twitter Web App</a>",False
gunana____,,,,30862,18660,402753,False,Fri May 02 15:14:19 +0000 2025,"CHP'nin yÃ¶nettiÄŸi BeÅŸiktaÅŸ Belediyesi'nin sokaklarÄ±nda 
Ã§Ã¶p daÄŸlarÄ±..

CHP'li belediye maaÅŸlarÄ± Ã¶deyemedi,vatandaÅŸ 
maÄŸdur oldu..

Siyasi Afet Cehape 

Skandal / Ä°zmir / Tesla / Polisin /
Arjantin'de 7.4/ Zafer Åahin/ Mobil /Telef / Tesla https://t.co/f3kL2MdaZd",[],"<a href=""http://twitter.com/download/android"" rel=""nofollow"">Twitter for Android</a>",False
teslaownersSV,Silicon Valley,The most notorious Tesla Club in the world. Creator of @thextakeover and taking the Takeover global. We amplify sustainability and philanthropy.,,1178001,667,168128,False,Sat May 03 17:56:52 +0000 2025,"â€œWe built the factory in Austin in less time than it would have taken to get permits in California. I loved living in California but you cannot get things done there.â€ 
 https://t.co/Z5U6HJ8uY0",[],"<a href=""http://twitter.com/download/iphone"" rel=""nofollow"">Twitter for iPhone</a>",False
Lou_Mannheim,"The Overlook Hotel, Colorado",UtgÃ¥ frÃ¥n att jag Ã¤ger bolag som jag skriver regelbundet om. UtgÃ¥ inte frÃ¥n att jag Ã¤ger bolag jag nÃ¤mner enstaka gÃ¥nger. Inga blankningar.,,35246,834,101279,False,Fri May 02 19:27:03 +0000 2025,Hur mycket betalar Tesla nufÃ¶rtiden per positiv tweet frÃ¥n konton med mÃ¥nga fÃ¶ljare? FrÃ¥gar Ã¥t en kompis. https://t.co/zoVu7YBynK,[],"<a href=""http://twitter.com/#!/download/ipad"" rel=""nofollow"">Twitter for iPad</a>",False
teslaownersSV,Silicon Valley,The most notorious Tesla Club in the world. Creator of @thextakeover and taking the Takeover global. We amplify sustainability and philanthropy.,,1178001,667,168128,False,Sun May 04 01:12:21 +0000 2025,"Leaving Starbase feels like leaving Area 51 or an ğŸ‘½ base.  There is Starships inside the build site hangars.
 https://t.co/r5es2jIDDP",[],"<a href=""http://twitter.com/download/iphone"" rel=""nofollow"">Twitter for iPhone</a>",False
bibonunes1,,"Deputado federal do PL-RS, 1Â° vice-lider do PL, empresÃ¡rio, jornalista e comunicador independente de rÃ¡dio e TV. Ex-presidente da TVE RS.",,363039,902,10598,False,Sat May 03 22:19:04 +0000 2025,"O empresÃ¡rio Elon Musk, dono do X (antigo Twitter) e da Tesla, usou as redes sociais para afirmar que a inelegibilidade de Jair Bolsonaro Ã© um ato de tirania.

ğŸ“‰ Bolsonaro estÃ¡ inelegÃ­vel atÃ© 2030 por decisÃ£o do TSE em 2023 â€” e agora o mundo comeÃ§a a enxergar o que estÃ¡ acontecendo no Brasil.

ğŸ—£ï¸ Quando atÃ© um bilionÃ¡rio estrangeiro enxerga o abuso, fica claro que o problema Ã© real.

ğŸ‘‰ Curta, comente e COMPARTILHE!",[],"<a href=""http://twitter.com/download/android"" rel=""nofollow"">Twitter for Android</a>",False
GuntherEagleman,CA to Texas in 2007,David J. Freeman - Political Commentator - America First - MAGA - Trump Supporter - Unfiltered,,1411038,102368,978191,False,Wed Apr 30 23:44:48 +0000 2025,"A judge released a transgender Tesla terr*rist because there was a lack of ""gender affirming care.""

Since when did that become a qualifier?

I thought we were done with this woke BS?
https://t.co/FpWqmyACA6",[],"<a href=""https://mobile.twitter.com"" rel=""nofollow"">Twitter Web App</a>",False
robertdunlap947,NC,"Christian, Entrepreneur, Podcaster, back the blue, Love AmericağŸ‡ºğŸ‡¸ğŸ‡ºğŸ‡¸. So excited for THE TRUTH to FINALLY COME OUTğŸ˜²! iTunes â€œBob and Eric Save Americaâ€ğŸº",,151368,55387,163919,False,Sat May 03 20:01:04 +0000 2025,"No he didnâ€™tğŸ˜³, oh YES HE DIDğŸ˜²! Iâ€™m so happy people are waking up TO THE FACT THAT THE LEFT IS FULL OF HATE AND DESTRUCTIONğŸ¤¬! That was a great idea to destroy a liberals TeslağŸ˜‚. Everything and I mean EVERYTHING THEY CALL US IS PROJECTION ON WHAT THEY DO AND THE JIG IS UPğŸ‘Š https://t.co/cPN5iy2BAG",[],"<a href=""http://twitter.com/download/iphone"" rel=""nofollow"">Twitter for iPhone</a>",False
DollarVigilante,Anarchapulco,"TDV with @berwickjeff, @ebugos & @VigilanteCrypto â€“ your source for surviving & prospering during & after the dollar collapse. ğŸ’£ https://t.co/lPL5H9qSTK",,98896,7888,22110,False,Thu May 01 17:56:11 +0000 2025,Donald Trump's uncle is keeping a secret of Nikola Tesla from you. #Trump https://t.co/SVXI1fYVG1,['Trump'],"<a href=""https://mobile.twitter.com"" rel=""nofollow"">Twitter Web App</a>",False
CNviolations,,I'm the guy you go to for brutal community notes and violations. | DM submissions,,1153545,30,2251,False,Sat May 03 23:15:00 +0000 2025,"Elon Musk: ""In a few months, Tesla will release unsupervised full self-driving.Â The cars will be driving around by themselves with no people in them.Â We'll start that in Austin in June, and then we'll rapidly expand that to the rest of the country.""

https://t.co/JZfyBC9tep",[],"<a href=""https://mobile.twitter.com"" rel=""nofollow"">Twitter Web App</a>",False
teslacarsonly,ğ•,Photos and videos for Tesla cars. DM for credit and taking content down. Disclosure: Not affiliated with @Tesla.,,69590,30,59498,False,Mon Apr 28 23:17:31 +0000 2025,Would you BUY this Cybertruck? https://t.co/qXHabrkzjE,[],"<a href=""https://mobile.twitter.com"" rel=""nofollow"">Twitter Web App</a>",False
teslaownersSV,Silicon Valley,The most notorious Tesla Club in the world. Creator of @thextakeover and taking the Takeover global. We amplify sustainability and philanthropy.,,1178001,667,168128,False,Sat May 03 15:27:07 +0000 2025,"Grok AI Is a Game-Changer ğŸ”¥ | Stop Using Basic AI Tools &amp; Try This Instead!
Try Grok https://t.co/NGIrGqhwdJ",[],"<a href=""http://twitter.com/download/iphone"" rel=""nofollow"">Twitter for iPhone</a>",False
TheGigaCast,United States,Exploring the Tech Universe With @SawyerMerritt @WholeMarsBlog & @Farzyness | Fridays @ 1 PM EST | A @WOLF_Financial Show,,13101,51,801,False,Sat May 03 21:00:00 +0000 2025,"Politics are not ruining Tesla, they are benefiting it. https://t.co/lC8M9VeIju",[],"<a href=""https://mobile.twitter.com"" rel=""nofollow"">Twitter Web App</a>",False
ElonMuskAOC,Mars,Iâ€™m on a quest to bang AOC on Mars. (Parody Account),,1697138,711,70207,False,Fri May 02 01:15:00 +0000 2025,"Would you buy a Tesla phone?

Yes or No? https://t.co/vO9dBvL6TY",[],"<a href=""https://mobile.twitter.com"" rel=""nofollow"">Twitter Web App</a>",False
ElonMuskNews47,"Texas, USA",Tap the ( ğŸ””- notify) for daily Elon Musk news and updates. No affiliation. (Commentary). Fan-page | News |,,13784,376,6,False,Fri May 02 07:48:13 +0000 2025,"You won a competition and you have to choose one of these Tesla cars.

What is your pick?

A.Tesla Black
B. Tesla Red https://t.co/UeMwkV4FNq",[],"<a href=""http://twitter.com/download/android"" rel=""nofollow"">Twitter for Android</a>",False
EvasTeslaSPlaid,"Merritt Island, FL","Residential Real Estate in FL, Waterfront & Beachside Specialist. First Tesla S Plaid owner in FL, Tesla Shareholder. #FSDBeta tester. Fluent in 6 languages.",,124444,16082,244420,False,Sat May 03 11:05:44 +0000 2025,Which would you pick? https://t.co/tXv30jtbto,[],"<a href=""http://twitter.com/download/iphone"" rel=""nofollow"">Twitter for iPhone</a>",False
ThomasSowell,,"I'm not Thomas Sowell, but I share his quotes and key topics in news & politics. Opinions are my own.",,1320118,40,1576,False,Sat May 03 20:25:00 +0000 2025,"A Tesla Cybertruck owner confronts a man after spotting him placing a hate sticker on his vehicle.

https://t.co/jrf5A2ODrI",[],"<a href=""https://mobile.twitter.com"" rel=""nofollow"">Twitter Web App</a>",False
BreitbartNews,,"News, commentary, and destruction of the political/media establishment.",,2401956,183,3440,False,Wed Apr 30 16:40:27 +0000 2025,"Groundbreaking and profound lyrics on Neil Young's new song

""If youâ€™re a fascist
Get a Tesla
Itâ€™s electric
It doesnâ€™t matter
If youâ€™re a Democrat
Taste your freedom"" https://t.co/wtEfdut8X0",[],"<a href=""http://twitter.com/download/android"" rel=""nofollow"">Twitter for Android</a>",False
TrumpBarron__,"Manhattan, NY",SON to the 45th & 47th president of United States of America PARODY account.,,521420,158,47575,False,Tue Apr 29 16:02:22 +0000 2025,"If Elon Musk Launches Tesla Phones which retails at a cheaper price than iphones are you gonna buy one?

YES or NO https://t.co/Jc6UjAdi5T",[],"<a href=""http://twitter.com/download/iphone"" rel=""nofollow"">Twitter for iPhone</a>",False
CTCentinal,,Connecticut's Premier Investigative Journalism,,3001,1578,6222,False,Fri May 02 12:38:37 +0000 2025,"so @SenBlumenthal  is kicking off the tesla takedown protest in stamford tomorrow, eh?

looking forward to seeing you tomorrow, danang! https://t.co/bSrzVeQ9ii",[],"<a href=""https://mobile.twitter.com"" rel=""nofollow"">Twitter Web App</a>",False
TeslaSynopsis,ğŸ¡Vancouver Real Estate Agent,"Elon, Tesla, SpaceX",,56099,1719,199531,False,Thu May 01 01:54:32 +0000 2025,"Elon wears a lot of hats. He can also juggle them well. 

ğŸ“·greg16676935420 https://t.co/WFJT6EhD6i",[],"<a href=""http://twitter.com/download/iphone"" rel=""nofollow"">Twitter for iPhone</a>",False
DimaZeniuk,,"Tesla | SpaceX | Starlink | ğ• |
Free speech

Inspired by innovation | Future",,74855,683,355498,False,Sat May 03 16:59:08 +0000 2025,Fox News takes you inside Tesla's Texas headquarters tomorrow at 9PM https://t.co/KWzu9B8JKR,[],"<a href=""http://twitter.com/download/android"" rel=""nofollow"">Twitter for Android</a>",False
akafaceUS,"Florida, USA",MAGA ğŸ‡ºğŸ‡¸ - America first,,508830,129664,40803,False,Wed Apr 30 22:46:00 +0000 2025,AND vandalizing Tesla's https://t.co/GqXXmpNsSh,[],"<a href=""https://twitter.com"" rel=""nofollow"">TweetDeck Web App</a>",False
LunitaAnett,La vÃ­a lÃ¡ctea.,La libertad empieza en tu mente.,,7432,1000,137549,False,Fri May 02 18:34:34 +0000 2025,FÃ­jate si el â€œbloqueoâ€ existe que en La Habana hay Teslas circulando: https://t.co/ZccEsKhEPB,[],"<a href=""http://twitter.com/download/iphone"" rel=""nofollow"">Twitter for iPhone</a>",False
EndWokeness,,"Fighting, exposing, and mocking wokeness. DM for submissions",,3679003,1285,16510,False,Wed Apr 30 23:16:05 +0000 2025,"BREAKING: Judge releases suspected Tesla firebomber citing ADHD and no access to ""gender-affirming care"" https://t.co/oKB9nzNgOL",[],"<a href=""http://twitter.com/download/iphone"" rel=""nofollow"">Twitter for iPhone</a>",False
TulsiGabbardDNI,"Florida, USA",A parody account shares news of Tulsi Gabbard. No affiliation with @TulsiGabbard @DNIGabbard,,51734,34557,22905,False,Sat May 03 15:16:49 +0000 2025,"Letâ€™s show support for Musk and DOGE. 

A. Purchase a Tesla
B. Upgrade to X Premium+
C. Subscribe to Starlink
D. Participate in Neuralink trials
E. Support Boring Company projects
F. Buy Tesla and SpaceX merchandise
G. Invest in Tesla stock
H. Pray for their safety

Which one? https://t.co/MeAvyEI4gP",[],"<a href=""http://twitter.com/download/iphone"" rel=""nofollow"">Twitter for iPhone</a>",False
DimaZeniuk,,"Tesla | SpaceX | Starlink | ğ• |
Free speech

Inspired by innovation | Future",,74855,683,355498,False,Fri May 02 06:09:28 +0000 2025,"Elon Musk is the only CEO Tesla needs â€” heâ€™s the heart of the company

Without Elon, Tesla wouldnâ€™t exist https://t.co/Mxkpn9TBFq",[],"<a href=""http://twitter.com/download/android"" rel=""nofollow"">Twitter for Android</a>",False
jsolomonReports,"Washington, DC","John Solomon is an award-winning investigative journalist and founder of Just the News. He has worked at AP, WaPo, TWT, and The Hill.",,1336044,744,149,False,Sat May 03 11:15:44 +0000 2025,"Tesla gigafactory reportedly hiring 1,000 Nevada employees https://t.co/mspOAHpc2T",[],"<a href=""https://muxsocial.com"" rel=""nofollow"">MuxSocial</a>",False
EvasTeslaSPlaid,"Merritt Island, FL","Residential Real Estate in FL, Waterfront & Beachside Specialist. First Tesla S Plaid owner in FL, Tesla Shareholder. #FSDBeta tester. Fluent in 6 languages.",,124439,16082,244420,False,Sat May 03 17:17:02 +0000 2025,I like this. https://t.co/EfM06hTuzm,[],"<a href=""http://twitter.com/download/iphone"" rel=""nofollow"">Twitter for iPhone</a>",False
TeslaFraud,NYC,"$TSLAQ - Tesla is a worthless accounting fraud pumped up by fake narratives, lies, and phony numbers. It will go the way of $ENE $WCOM $WDI and Madoff.",,4463,776,39193,False,Thu May 01 02:30:34 +0000 2025,"The $TSLA board should absolutely shitcan the lying fraud @elonmusk 

But also protect themselves from this sociopathic shitstain. https://t.co/HrY8ytDPxZ",[],"<a href=""https://mobile.twitter.com"" rel=""nofollow"">Twitter Web App</a>",False
musk_news13,"Texas, USA",Tap the (ğŸ›ï¸- notify) for daily Musk news and updates. No affiliation. (Commentary). Fan-page | News |,,129396,18,6,False,Thu May 01 20:08:53 +0000 2025,"Elon Musk runs Tesla, SpaceX, Neuralink, The Boring Company, ğ•, xAI, and now D.O.G.E

He is doing so much for humanity.
We should be grateful!

Are you grateful?

Yes or No https://t.co/NNn3rzsawz",[],"<a href=""http://twitter.com/download/android"" rel=""nofollow"">Twitter for Android</a>",False
teslaownersSV,Silicon Valley,The most notorious Tesla Club in the world. Creator of @thextakeover and taking the Takeover global. We amplify sustainability and philanthropy.,,1177982,667,168128,False,Sat May 03 07:01:39 +0000 2025,"""I will fight to my last drop of blood to ensure that ğŸ‡ºğŸ‡¸ remains the land of freedom and opportunityâ€

Elon Musk https://t.co/8iSSQTJN8H",[],"<a href=""http://twitter.com/download/iphone"" rel=""nofollow"">Twitter for iPhone</a>",False
teslaownersSV,Silicon Valley,The most notorious Tesla Club in the world. Creator of @thextakeover and taking the Takeover global. We amplify sustainability and philanthropy.,,1177982,667,168128,False,Mon Apr 28 06:42:15 +0000 2025,"""I will fight to my last drop of blood to ensure that ğŸ‡ºğŸ‡¸ remains the land of freedom and opportunityâ€

Elon Musk https://t.co/TeE6Ks6H1o",[],"<a href=""http://twitter.com/download/iphone"" rel=""nofollow"">Twitter for iPhone</a>",False
davidmedinapdx,"Portland, OR","ğŸ‡ºğŸ‡¸ Conservative in Portland, Oregon ğŸ—£ï¸ On The Frontlines Standing Firm on Truth â¡ï¸ Want A Story Exposed? Submit Tips to davidmedinapdx@gmail.com",,34491,604,3986,False,Wed Apr 30 21:00:01 +0000 2025,"I went undercover as a liberal at an anti-Elon/Trump protest in front of a Portland, Oregon Tesla. Comment if you want to see more! LOL

video: @streetdebates https://t.co/iPYVNQB7EE",[],"<a href=""https://mobile.twitter.com"" rel=""nofollow"">Twitter Web App</a>",False
teslaownersSV,Silicon Valley,The most notorious Tesla Club in the world. Creator of @thextakeover and taking the Takeover global. We amplify sustainability and philanthropy.,,1177982,667,168128,False,Thu May 01 05:19:17 +0000 2025,"Starshipâ€™s mission to Mars is being funded by the Starlink service
 https://t.co/wRiMBPuMtZ",[],"<a href=""http://twitter.com/download/iphone"" rel=""nofollow"">Twitter for iPhone</a>",False
TeslaOwnersTR,TÃ¼rkiye,âš¡ï¸ #Tesla sahipleri ve hayranlarÄ±nÄ±n buluÅŸma noktasÄ±.,,14080,16,2634,False,Mon Apr 28 21:59:10 +0000 2025,TESLA ENVANTERE ARKADAN Ä°TÄ°ÅLÄ° RWD YENÄ° MODEL Y DÃœÅTÃœ! https://t.co/4QZCYMAYzR,[],"<a href=""http://twitter.com/download/android"" rel=""nofollow"">Twitter for Android</a>",False
DiamondandSilk,United States,"""OFFICIAL ACCOUNT""
President Donald J Trump's Most Loyal Supporters, Chit Chat Show, https://t.co/S0hIT2P6yO, Vocl, https://t.co/hQV45FS77w, Authors UPRISING #Sponsor",,2399172,98,6379,False,Sat May 03 17:50:02 +0000 2025,"Tim Walz Left Humiliated As His Attacks On Tesla Continue To Backfire

https://t.co/xxxPovXjvd

#DiamondandSilk",['DiamondandSilk'],"<a href=""http://twitter.com/download/android"" rel=""nofollow"">Twitter for Android</a>",False
TeslaBoomerPapa,California,"married to @TeslaBoomerMama, what more can I say ... ğŸ˜‰.  Dad to five exceptional humans. Elon is the industrial genius of our century.",,18662,380,48794,False,Sat May 03 12:19:24 +0000 2025,"Today, we also do lunch ! https://t.co/JLnj7pxRXi",[],"<a href=""http://twitter.com/download/android"" rel=""nofollow"">Twitter for Android</a>",False
NotHoodlum,"New York, USA",Commentary â€¢ Satirical Emeritus â€¢ Highlights: https://t.co/346RRUl7n3,,204802,7352,1551889,False,Thu May 01 02:39:19 +0000 2025,Tesla is installing new locks on the barn doors after all the horses have escaped. https://t.co/alvcMCLO8y,[],"<a href=""http://twitter.com/download/iphone"" rel=""nofollow"">Twitter for iPhone</a>",False
IranIntl_En,"London, UK","The world's leading news network on Iran. Fearless journalism and firsthand reports for accurate, in-depth coverage.",,222249,5,46,False,Wed Apr 30 19:10:34 +0000 2025,"Iran's exiled prince Reza Pahlavi says he hopes to see a Tesla factory in Iran's most deprived region, Sistan and Baluchestan.

Pahlavi singled out Tesla chief and advisor to US president Trump Elon Musk in an event unveiling @NUFDIran's  Iran Prosperity Project on Wednesday. https://t.co/xop6Y2pCtI",[],"<a href=""https://twitter.com"" rel=""nofollow"">TweetDeck Web App</a>",False
stevegrubershow,"Michigan, USA","Freedom of Speech, Period!",,51468,6180,27888,False,Wed Apr 30 23:52:27 +0000 2025,"WTH!! The justice system is broken!

Judge Jessica Hedges releases Tesla firebomber citing ADHD and no access to ""gender-affirming care""

""By moving back home with his parents, he will have access to the care providers who are familiar with him and his specific needs,"" the court document states.",[],"<a href=""https://mobile.twitter.com"" rel=""nofollow"">Twitter Web App</a>",False
LauraLoomer,Florida ,Investigative Journalist ğŸ‡ºğŸ‡¸ Free SpiritğŸ‡ºğŸ‡¸Founder of LOOMERED. Host of @LoomerUnleashed Former @Project_Veritas operative. ğŸ“¸ America First âœ¡ï¸ Feisty Jewess,,1659565,7434,116465,False,Mon Apr 28 17:57:50 +0000 2025,"ğŸš¨BREAKING:ğŸš¨

ANTI-TESLA PROTESTOR BREAKS TESLA WINDOW AND STEALS DOG FROM TESLA ON DOG MODE IN CALIFORNIA 

An 11-year-old Yorkshire Terrier named Lemon was STOLEN from her ownerâ€™s @Tesla on April 19th at the Puente Hills Town Center in Rowland Heights, California. April 19th was one of the main Tesla Takedown call to action protest days across the country, including California. The protests were organized by Indivisible. 

Lemonâ€™s owner had the car set to DOG MODE while she ran a quick errand.

That didnâ€™t stop the suspect, who smashed the window and kidnapped the dog.

For months now, weâ€™ve seen an explosion of violence and vandalism against @Tesla owners by the unhinged radical Left! Their anti-Musk rhetoric has been enabled and encouraged by Democrat members of Congress and Leftists in the mainstream Media!  

Now, these deranged lunatics have started to target the innocent pets of Tesla owners!!! 

Please repost to help bring awareness to this theft so we can help bring Lemon home to their owner. @elonmusk @IndivisibleTeam",[],"<a href=""https://mobile.twitter.com"" rel=""nofollow"">Twitter Web App</a>",False
nicksortor,KY | TX | DC ğŸ‡ºğŸ‡¸,"On-scene covering stories MSM wonâ€™t. | Seen on @TuckerCarlson Tonight, Fox News, Newsmax, Timcast, etc. â€¢ #EastPalestineOH #Maui #WNC â€¢ media@sortor.us",,957712,18436,51767,False,Mon Apr 28 21:21:04 +0000 2025,"ğŸš¨ LMAO! The dumbass who vandalized a Tesla showroom in Arizona misspelled the word â€œTHIEFâ€ on the wall

My God, these people are stupid.

Give him an extra 20 years for being a braindead drain on society. https://t.co/NimKpYRVaI",[],"<a href=""http://twitter.com/download/iphone"" rel=""nofollow"">Twitter for iPhone</a>",False
TheSonOfWalkley,,BREAKING TECH STOCKS AND POLITICAL NEWS 24/7. NOT FINANCIAL ADVICE.,,36885,414,156451,False,Mon Apr 28 22:59:09 +0000 2025,"BREAKING: $TSLA DIRECTOR JOSEPH GEBBIA BOUGHT $1 MILLION OF TESLA SHARES AT $256/SHARE ğŸ‘€

FIRST TESLA INSIDER BUY SINCE 2020 !!! https://t.co/3DwaOVW8hj",[],"<a href=""http://twitter.com/download/iphone"" rel=""nofollow"">Twitter for iPhone</a>",False
JRMajewski,Ohio,,,112784,28074,43731,False,Fri May 02 00:08:36 +0000 2025,"Ok I have solved the riddle of why Tim/Sarah McBride hates @Tesla and @elonmuskâ€¦ @GuntherEagleman @stillgray @DefiyantlyFree 

Serious investigation tactics right here folks https://t.co/9fADVSCmRf",[],"<a href=""http://twitter.com/download/iphone"" rel=""nofollow"">Twitter for iPhone</a>",False
ImMeme0,"New York, USA","Mother & ğŸ‡µğŸ‡± immigrant U donâ€™t want to mess with. Parody at times, donâ€™t care about your feelings. DM 4 submissions, video removal or credit.",,744124,7930,219656,False,Thu May 01 13:35:51 +0000 2025,"Meet Emily Glazer, Becky Peterson, and Dana Mattioli â€” the authors behind an â€œEXCLUSIVEâ€ piece in the Wall Street Journal titled â€œTesla Board Opened Search for a CEO to Succeed Elon Musk.â€ This article sparked a wave of FAKE NEWS outlets echoing the same false narrative.

Iâ€™m posting their photos so the public can start putting faces to the misinformation being fed to Americans.

Both Tesla and CEO @ElonMusk have outright denied the report.

Itâ€™s time we start holding these so-called journalists accountable. News reporting has real-world consequences, and the American people deserve truthâ€”not coordinated misinformation.

As a Tesla shareholder, I urge Rupert Murdoch: if he wants to preserve the credibility of the Wall Street Journal, he should ensure itâ€™s staffed with journalists who prioritize facts over sensationalismâ€”before it slips into the realm of just another glorified tabloid.",[],"<a href=""http://twitter.com/download/iphone"" rel=""nofollow"">Twitter for iPhone</a>",False
ProudAFAmerican,UT + NV,"No DM's please. Democracy must be defended against tyranny  #nature  
Follow  ğŸ¦‹ https://t.co/KOCNN5kBKD
 #DemVoice1  #wtpEarth #DemsUnited #wtpBLUE",,18561,11507,580472,False,Thu May 01 22:24:07 +0000 2025,"Don't get too excited about musk leaving the government. The board at Tesla wants a new CEO. Their profits are way down because of his politics. 
So he'l stilll have plenty of time to screw up at DOGE. He's screwing us.
Fight to end the oligarchy!
#DemsUnited #wtpBLUE #DemVoice1 https://t.co/3qWpVmg9ws","['DemsUnited', 'wtpBLUE', 'DemVoice1']","<a href=""http://twitter.com/download/android"" rel=""nofollow"">Twitter for Android</a>",False
piyushmittal,"California, USA",#MahsaAmini #SlavaUkraÃ¯ni #EndCitizensUnited https://t.co/CJF9HcqJZZ on BlueSky. Opinions are my own.,,80509,31604,283859,False,Sat May 03 17:53:24 +0000 2025,"BOOM !!
Tesla sales plunge in France and Denmark. https://t.co/fIQC3wbjM3",[],"<a href=""http://twitter.com/download/iphone"" rel=""nofollow"">Twitter for iPhone</a>",False
ElonClipsX,Solar System,ğŸ¬ Documenting Elon Musk through original video clips. We use @RepostRoutine to boost the reach of our content.,,164058,1,13357,False,Wed Apr 30 13:00:00 +0000 2025,"Elon Musk to CEOs: Get out there on the goddamn front line!

â€œThere's a lot of talented people at SpaceX and Tesla. I think the morale is good. 

I find that if I am engrossed in the details of the issues, this does not result in them feeling worse, but feeling better. In my experience, they're more energized. 

Think about war. Do you want the general to be in some ivory tower or on the front lines? 

The troops are going to fight a lot harder if they see the general on the front lines than if they think the general's in some cushy situation. Nobody bleeds for the prince in the palace. 

Get out there on the goddamn front line and show them that you care and that you're not just in some plush office somewhere.â€

Interview with the WSJ, December 9, 2020",[],"<a href=""http://twitter.com"" rel=""nofollow"">Twitter Web Client</a>",False
AmacAllahRizasi,,"https://t.co/3EMw06858D
#MÃ¼slÃ¼manYÄ±lbaÅŸÄ±Kutlamaz
#6284SayÄ±lÄ±KanunKaldÄ±rÄ±lsÄ±n
#SiyonistBoykotListesi

#BorsaharamdÄ±r #BitcoinHaramdÄ±r",,11307,10447,177,False,Thu May 01 17:46:09 +0000 2025,"Ä°srail'e destek aÃ§Ä±klamasÄ± yapan ÅŸirketler..     
 Hyundai, Tesla, Volkswagen,McDonald's, Burger King, Puma, Coca Cola, Apple, Disney, Fox, Henkel, Netflix, Siemens, Amazon, Starbucks

#GenclereDokunma #Taksim  Zafer Åahin Ã‡akar yasaklansÄ±n! https://t.co/SHGit1JS1q","['GenclereDokunma', 'Taksim']","<a href=""https://mobile.twitter.com"" rel=""nofollow"">Twitter Web App</a>",False
IvankaNews_,Earth,Gain Breaking News Daily! No Affiliations with @IvankaTrump. Turn on Notification to be the first to get Breaking News. Biggest Ivanka (News) Fanpage on X ğŸ‡ºğŸ‡¸,,1002243,30197,734,False,Thu May 01 03:09:15 +0000 2025,"ğŸš¨BREAKING: Do you support Pam Bondi charging Jasmine Crockett with domestic terrorism for encouraging violence against Elon Musk, Tesla drivers and dealerships?

A. YES
B. NO https://t.co/8NabjsRZ5O",[],"<a href=""http://itunes.apple.com/us/app/twitter/id409789998?mt=12"" rel=""nofollow"">Twitter for Mac</a>",False
RedWave_Press,Turn ON Notifications ğŸ””,"Conservative Based News, Media Clips, Political News, Crime Reporting, ğŸ“¥ DM W/ News Stories or email redwavepress@gmail.com",,126827,647,12021,False,Tue Apr 29 16:06:26 +0000 2025,"BREAKING: Attorney General Pam Bondi announces federal charges against a Tesla terrorist, 35-year-old Ian Moses, who allegedly set a Cybertruck on fire and spray-painted ""Thief"" (misspelling ""Theif"") on the Tesla Dealership and Service Center in Mesa, Arizona, Monday morning.

Police arrested Moses later on Monday.

AG Bondi: â€œToday we are pleased to announce federal charges against a Tesla attacker arrested in Arizona.

If you engage in domestic terrorism, this Department of Justice will find you, follow the facts, and prosecute you to the fullest extent of the law.

No negotiating.â€",[],"<a href=""http://twitter.com/download/iphone"" rel=""nofollow"">Twitter for iPhone</a>",False
teslaownersSV,Silicon Valley,The most notorious Tesla Club in the world. Creator of @thextakeover and taking the Takeover global. We amplify sustainability and philanthropy.,,1177982,667,168128,False,Sat May 03 20:25:15 +0000 2025,Tesla Semi is real and their is a whole test fleet of 26 helping with the Tesla supply chain. https://t.co/kFds21iIYq,[],"<a href=""http://twitter.com/download/iphone"" rel=""nofollow"">Twitter for iPhone</a>",False
CuriousPejjy,Middle Of The Desert,"I'm just curious...
ALL IN on Tesla Stock",,24678,106,63784,False,Thu May 01 09:16:40 +0000 2025,"SELL YOUR $TSLA SHARES &amp; MOVE ON!

WE DON'T NEED NOR WANT YOUR OPINION ON TESLA.

F*CK OFF! https://t.co/geyPPmp0HL",[],"<a href=""http://twitter.com/download/android"" rel=""nofollow"">Twitter for Android</a>",False
ThomasSowell,,"I'm not Thomas Sowell, but I share his quotes and key topics in news & politics. Opinions are my own.",,1320113,40,1576,False,Sat May 03 21:20:00 +0000 2025,"Elon Musk: ""The Tesla robot arm and legs connected to a human, and if Neuralink is enabled will allow for cybernetic limbs.""

https://t.co/hpDczC8DlQ",[],"<a href=""https://mobile.twitter.com"" rel=""nofollow"">Twitter Web App</a>",False
RpsAgainstTrump,United States,Pro-democracy conservatives Republicans fighting Trump & Trumpism. Please support our work: https://t.co/FkmisNic4X,,896057,4858,122934,False,Thu May 01 02:19:06 +0000 2025,BREAKING: The Wall Street Journal reports that Teslaâ€™s board is searching for a new CEO to succeed Elon Musk. https://t.co/9mpraArxfn,[],"<a href=""http://twitter.com/download/iphone"" rel=""nofollow"">Twitter for iPhone</a>",False
teslaownersSV,Silicon Valley,The most notorious Tesla Club in the world. Creator of @thextakeover and taking the Takeover global. We amplify sustainability and philanthropy.,,1177982,667,168128,False,Sat May 03 20:28:34 +0000 2025,Free range horses in Nevada https://t.co/Hm2MFcdg18,[],"<a href=""http://twitter.com/download/iphone"" rel=""nofollow"">Twitter for iPhone</a>",False
TheTNHoller,Tennessee,ALWAYS YELL THE TRUTH. Lifting up voices and shining a light on injustices in Tennessee. (@thetnholler on Blue Sky),,225359,117683,11008,False,Thu May 01 01:42:58 +0000 2025,"WSJ â€” â€œAbout a month ago, with Teslaâ€™s
 stock sinking and some investors irritated about Elon Muskâ€™sWhite House focus, Teslaâ€™s board got serious about looking for Muskâ€™s successorâ€¦â€ 

Life comes at you fast. 

https://t.co/BIXSmdY7OX https://t.co/968tXV5lk9",[],"<a href=""http://twitter.com/download/iphone"" rel=""nofollow"">Twitter for iPhone</a>",False
SharylAttkisson,"Washington, DC","Nonpartisan Investigative Journalist. 5 Emmys, Murrow. RTs may be interesting/silly/wrong. I follow facts, not the crowd. Order ""Follow the Science"" today.",,576482,8447,83738,False,Sat May 03 23:46:36 +0000 2025,"(POLL) Have you bought or sold a Tesla for political reasons in the past six months?

ğŸ—³ï¸ Go to https://t.co/3duSZQk8eO now to take part in the poll.
ğŸ“± On mobile, scroll down to find it â€” or look for the black poll box on the homepage. https://t.co/EfxCezJ4Gg",[],"<a href=""https://mobile.twitter.com"" rel=""nofollow"">Twitter Web App</a>",False
Rach_IC,"Phoenix, AZ",Reporter for @ArizonaSunTimes. Weekly contributor to Townhall etc. Former gun mag editor. Recovering election lawyer and prosecutor. https://t.co/M3kC0njZ2V,,136573,28931,41774,False,Sat May 03 19:29:37 +0000 2025,"Here's my article about the moron who set a Cybertruck on fire at a Tesla dealership in Mesa. It's so tragic how the left and their comrades in the MSM are teaching these poor folks that Trump and Elon are Hitler, inciting them to do this, without realizing there are cameras everything, not just on the Teslas but on the dealership buildings. 

Now this is all Ian William Moses will be known for the rest of his entire life, anyone who searches his name will find this. It's frankly mean to take advantage of people like this - he is autistic and was seeing a therapist - getting them to do the left's dirty work for them, resulting in destroying their lives. 

On a lighter note, did you know that the Tesla Model Y was the best-selling car in the world in 2023, the first for an electric vehicle (EV)? I had no idea until I was doing some heavy research, since the MSM doesn't emphasize anything good about Tesla, just the constant sky is falling about its stock prices, which always rebound. 

https://t.co/s3nPoTxfEt",[],"<a href=""https://mobile.twitter.com"" rel=""nofollow"">Twitter Web App</a>",False
